-- MySQL dump 10.13  Distrib 8.0.11, for Win64 (x86_64)
--
-- Host: sql9.freemysqlhosting.net    Database: sql9252403
-- ------------------------------------------------------
-- Server version	5.5.58-0ubuntu0.14.04.1

/*!40101 SET @OLD_CHARACTER_SET_CLIENT=@@CHARACTER_SET_CLIENT */;
/*!40101 SET @OLD_CHARACTER_SET_RESULTS=@@CHARACTER_SET_RESULTS */;
/*!40101 SET @OLD_COLLATION_CONNECTION=@@COLLATION_CONNECTION */;
 SET NAMES utf8mb4 ;
/*!40103 SET @OLD_TIME_ZONE=@@TIME_ZONE */;
/*!40103 SET TIME_ZONE='+00:00' */;
/*!40014 SET @OLD_UNIQUE_CHECKS=@@UNIQUE_CHECKS, UNIQUE_CHECKS=0 */;
/*!40014 SET @OLD_FOREIGN_KEY_CHECKS=@@FOREIGN_KEY_CHECKS, FOREIGN_KEY_CHECKS=0 */;
/*!40101 SET @OLD_SQL_MODE=@@SQL_MODE, SQL_MODE='NO_AUTO_VALUE_ON_ZERO' */;
/*!40111 SET @OLD_SQL_NOTES=@@SQL_NOTES, SQL_NOTES=0 */;

--
-- Table structure for table `album`
--

DROP TABLE IF EXISTS `album`;
/*!40101 SET @saved_cs_client     = @@character_set_client */;
 SET character_set_client = utf8mb4 ;
CREATE TABLE `album` (
  `id_album` int(11) NOT NULL AUTO_INCREMENT,
  `title` varchar(1024) COLLATE utf8_bin NOT NULL,
  `url_cover` varchar(1024) COLLATE utf8_bin NOT NULL,
  `id_producer` int(11) NOT NULL,
  `id_event` int(11) NOT NULL,
  PRIMARY KEY (`id_album`),
  KEY `album_to_producer_idx` (`id_producer`),
  KEY `album_to_event_idx` (`id_event`),
  CONSTRAINT `album_to_event` FOREIGN KEY (`id_event`) REFERENCES `event` (`id_event`) ON DELETE NO ACTION ON UPDATE NO ACTION,
  CONSTRAINT `album_to_producer` FOREIGN KEY (`id_producer`) REFERENCES `producer` (`id_producer`) ON DELETE NO ACTION ON UPDATE NO ACTION
) ENGINE=InnoDB AUTO_INCREMENT=33 DEFAULT CHARSET=utf8 COLLATE=utf8_bin;
/*!40101 SET character_set_client = @saved_cs_client */;

--
-- Dumping data for table `album`
--

LOCK TABLES `album` WRITE;
/*!40000 ALTER TABLE `album` DISABLE KEYS */;
INSERT INTO `album` VALUES (1,'POPOVER+TEATIME 4','Comic_Market/C94/POPOVER%2BTEATIME%204/cover.jpg',1,2),(2,'HARDCORE SYNDROME 12','Comic_Market/C94/HARDCORE%20SYNDROME%2012/cover.jpg',2,2),(3,'J-NERATION TOYS','Comic_Market/C94/J-NERATION%20TOYS/cover.jpg',3,2),(4,'Found','Comic_Market/C94/Found/cover.jpg',4,2),(5,'AKA','Comic_Market/C94/AKA/cover.jpg',2,2),(6,'ASTRO=FILMS','Comic_Market/C94/ASTRO%3DFILMS/cover.jpg',5,2),(7,'Fiction','Comic_Market/C94/Fiction/cover.jpg',6,2),(8,'Summer Night Hiking','Comic_Market/C94/Summer%20Night%20Hiking/cover.jpg',7,2),(9,'Second Step','Comic_Market/C94/Second%20Step/cover.jpg',8,2),(10,'Frenchcore Stickout','Comic_Market/C94/Frenchcore%20Stickout/cover.jpg',9,2),(11,'Covertly shine','Comic_Market/C94/Covertly%20shine/cover.jpg',10,2),(12,'Twin Crew Star','Comic_Market/C94/Twin%20Crew%20Star/cover.jpg',10,2),(13,'CRITICAL MEGAREX','Comic_Market/C94/CRITICAL%20MEGAREX/cover.jpg',11,2),(14,'Your voice so...','Comic_Market/C94/Your%20voice%20so.../cover.jpg',11,2),(15,'SPD GAR','Comic_Market/C94/SPD%20GAR/cover.jpg',11,2),(16,'New Invoke vol.1','Comic_Market/C94/New%20Invoke%20vol.1/cover.jpg',12,2),(17,'HYPERSYNTHETIC','Comic_Market/C94/HYPERSYNTHETIC/cover.jpg',13,2),(18,'See you again, HOLLOWood','Comic_Market/C94/See%20you%20again%2C%20HOLLOWood/cover.jpg',14,2),(19,'mow! mow!! mow!!!','Comic_Market/C94/mow%21%20mow%21%21%20mow%21%21%21/cover.jpg',15,2),(20,'Camellia \"Remixes\" Summary & VIPs 02','Comic_Market/C94/Camellia%20%22Remixes%22%20Summary%20%26%20VIPs%2002/cover.jpg',16,2),(21,'PLEiADES','Comic_Market/C94/PLEiADES/cover.jpg',17,2),(22,'戴天ミソロジア','Comic_Market/C94/%E6%88%B4%E5%A4%A9%E3%83%9F%E3%82%BD%E3%83%AD%E3%82%B8%E3%82%A2/cover.jpg',18,2),(23,'Blue Spectacle','Comic_Market/C94/Blue%20Spectacle/cover.jpg',19,2),(24,'Polyphonix Remixies Collection','Comic_Market/C94/Polyphonix%20Remixies%20Collection/cover.jpg',20,2),(25,'cuteness overload','Comic_Market/C94/cuteness%20overload/cover.jpg',21,2),(26,'USAO ULTIMATE HYPER BEST','Comic_Market/C94/USAO%20ULTIMATE%20HYPER%20BEST/cover.jpg',22,2),(27,'COLORS - AD:HOUSE VOCAL REMIXES-','Comic_Market/C94/COLORS%20-%20AD%3AHOUSE%20VOCAL%20REMIXES-/cover.jpg',23,2),(28,'Mazy Nightbright','Comic_Market/C94/Mazy%20Nightbright/cover.jpg',24,2),(29,'Driven\' De:st-ructure 8','Comic_Market/C94/Driven%27%20De%3Ast-ructure%208/cover.jpg',25,2),(30,'JP-H/D #7','Comic_Market/C94/JP-H/D%20%237/cover.jpg',26,2),(31,'cosMo@暴走Pインストコレクション vol.2','Comic_Market/C94/cosMo%40%E6%9A%B4%E8%B5%B0P%E3%82%A4%E3%83%B3%E3%82%B9%E3%83%88%E3%82%B3%E3%83%AC%E3%82%AF%E3%82%B7%E3%83%A7%E3%83%B3%20vol.2/cover.jpg',27,2),(32,'WAVES','Comic_Market/C94/WAVES/cover.jpg',28,2);
/*!40000 ALTER TABLE `album` ENABLE KEYS */;
UNLOCK TABLES;

--
-- Table structure for table `artist`
--

DROP TABLE IF EXISTS `artist`;
/*!40101 SET @saved_cs_client     = @@character_set_client */;
 SET character_set_client = utf8mb4 ;
CREATE TABLE `artist` (
  `id_artist` int(11) NOT NULL AUTO_INCREMENT,
  `name` varchar(255) COLLATE utf8_bin NOT NULL,
  `name_sub` varchar(255) COLLATE utf8_bin NOT NULL,
  `url_image` varchar(1024) COLLATE utf8_bin NOT NULL,
  PRIMARY KEY (`id_artist`)
) ENGINE=InnoDB AUTO_INCREMENT=191 DEFAULT CHARSET=utf8 COLLATE=utf8_bin;
/*!40101 SET character_set_client = @saved_cs_client */;

--
-- Dumping data for table `artist`
--

LOCK TABLES `artist` WRITE;
/*!40000 ALTER TABLE `artist` DISABLE KEYS */;
INSERT INTO `artist` VALUES (1,'you','','https://pbs.twimg.com/profile_images/1023244814865727488/QXo_cHqE_400x400.jpg'),(2,'Aire','','https://pbs.twimg.com/profile_images/996030186104672256/ijw2QNTI_400x400.jpg'),(3,'Stereoman','','https://pbs.twimg.com/profile_images/968794416390393857/MJlcUPey_400x400.jpg'),(4,'Nizikawa','','https://pbs.twimg.com/profile_images/1023209802980179970/n187mSXx_400x400.jpg'),(5,'Freezer','','https://pbs.twimg.com/profile_images/860471201717604352/TlrKs3aX_400x400.jpg'),(6,'妃苺','Kiichigo','https://pbs.twimg.com/profile_images/1027808515354587142/Msp5cvKg_400x400.jpg'),(7,'the sub account','๐·°♡さぶあかちゃん♡°·๐','https://pbs.twimg.com/profile_images/912878757785907200/Q6F2JHx2_400x400.jpg'),(8,'GODBIRD','Freezer & Nizikawa','https://i1.sndcdn.com/avatars-000479625942-b7jm4u-t500x500.jpg'),(9,'gya9','','https://pbs.twimg.com/profile_images/558078859799973889/sem5IGyL_400x400.jpeg'),(10,'Srav3R','','https://pbs.twimg.com/profile_images/881616196432310272/dpLSsbSH_400x400.png'),(11,'happy machine','','https://pbs.twimg.com/profile_images/865946564631576577/Z8bLEbli_400x400.jpg'),(12,'kors k','teranoid','https://pbs.twimg.com/profile_images/732552939185692672/o2QxnUC9_400x400.jpg'),(13,'REDALiCE','','https://pbs.twimg.com/profile_images/1024616746202742784/1s987TpC_400x400.jpg'),(14,'DJ Genki','Gram','https://pbs.twimg.com/profile_images/485766019198115841/G-5xiqiO_400x400.png'),(15,'Yukacco','ゆかっこ','https://pbs.twimg.com/profile_images/1025347933938450432/kQAFy8mh_400x400.jpg'),(16,'P*Light','','https://pbs.twimg.com/profile_images/796627589741690880/dtjeZL2V_400x400.jpg'),(17,'Massive New Krew','','https://pbs.twimg.com/profile_images/862334565108658176/KN11W0Ar_400x400.jpg'),(18,'Laur','','https://pbs.twimg.com/profile_images/984783354334597120/02GYfiG7_400x400.jpg'),(19,'DJ Myosuke','','https://pbs.twimg.com/profile_images/988446739714617344/MBxUwsmk_400x400.jpg'),(20,'USAO','山奥','https://pbs.twimg.com/profile_images/1027831453046824965/Y8-OjSys_400x400.jpg'),(21,'DJ Noriken','','https://pbs.twimg.com/profile_images/989968564638502912/DBsusVoq_400x400.jpg'),(22,'RoughSketch','uno','https://pbs.twimg.com/profile_images/799093413471653888/PHuQMFz3_400x400.jpg'),(23,'aran','','https://pbs.twimg.com/profile_images/875445036871163904/cFHHCkVQ_400x400.jpg'),(24,'Noizenecio','ねしお','https://pbs.twimg.com/profile_images/876081361781641218/OXQUWZxj_400x400.jpg'),(25,'Getty','','https://pbs.twimg.com/profile_images/888776053598035968/TovEgUIg_400x400.jpg'),(26,'Kobaryo','','https://pbs.twimg.com/profile_images/989156190138482688/zIPa8X_F_400x400.png'),(27,'t+pazolite','とぱぞらい','https://pbs.twimg.com/profile_images/760460041963003906/e3OYBXDp_400x400.jpg'),(28,'Kankitsu','Lime','https://pbs.twimg.com/profile_images/788197248362434560/JlKr6yq8_400x400.jpg'),(29,'Soleily','','https://pbs.twimg.com/profile_images/979353528710778881/LoJ8sZiy_400x400.jpg'),(30,'Sanaas','','https://pbs.twimg.com/profile_images/966739020234371072/eBQ1nIfq_400x400.jpg'),(31,'雛野しをん','Shion Hinano','https://pbs.twimg.com/profile_images/637922625990168576/bmPATeQI_400x400.png'),(32,'Tanchiky','タンチキ','https://pbs.twimg.com/profile_images/1014687374939324417/dLJsTWL-_400x400.jpg'),(33,'shimaL','','https://pbs.twimg.com/profile_images/818530521152045057/1duSgO_t_400x400.jpg'),(34,'Street','','https://pbs.twimg.com/profile_images/1026964522219655168/ZGs03ry4_400x400.jpg'),(35,'大川みずき','Mizuki Ohkawa','https://pbs.twimg.com/profile_images/876070854643269633/kpX6szaf_400x400.jpg'),(36,'のし','Noshi','https://pbs.twimg.com/profile_images/1018781577499693056/1Z_1i6XP_400x400.png'),(37,'Nardis','Spide','https://pbs.twimg.com/profile_images/645908222994354178/z7poFdas_400x400.png'),(38,'野宮あゆみ','Ayumi Nomiya','https://pbs.twimg.com/profile_images/967005779889827840/cKOBqLI9_400x400.jpg'),(39,'Hommarju','','https://pbs.twimg.com/profile_images/1026785135893471232/aq-8YKUn_400x400.jpg'),(40,'天叢雲剣','Ama no Murakumo no Tsurugi','https://pbs.twimg.com/profile_images/1026658319950274560/T6Bok7Jo_400x400.jpg'),(41,'吉河順央','Yoshikawa Sunao','https://pbs.twimg.com/profile_images/818330553321521153/JVhY5rgQ_400x400.jpg'),(42,'DJ YOSHITAKA','西村宜隆','https://pbs.twimg.com/profile_images/968027617038184450/Xkxd3C4R_400x400.jpg'),(43,'モニ子','MONICO','https://pbs.twimg.com/profile_images/1028104724954804229/nyex6She_400x400.jpg'),(44,'YUC\'e','ゆーしえ','https://pbs.twimg.com/profile_images/1014879976426881025/tKas912q_400x400.jpg'),(45,'中恵光城','Tareko Mitsuki','https://pbs.twimg.com/profile_images/717582873658662912/YENg70o2_400x400.jpg'),(46,'流歌','Luca','https://pbs.twimg.com/profile_images/729193843304734720/EJNrxs6P_400x400.jpg'),(47,'RD-Sounds','凋叶棕','https://pbs.twimg.com/profile_images/198596473/RD_______400x400.png'),(48,'塚越雄一朗','Tsukagoshi Yuichiro ','https://pbs.twimg.com/profile_images/804617659564236801/SfIyIavM_400x400.jpg'),(49,'Meis Clauson','','https://pbs.twimg.com/profile_images/875473653235724288/YH7u5hOD_400x400.jpg'),(50,'オッカ','Okka','https://pbs.twimg.com/profile_images/1023908867179081728/JSOwbZAT_400x400.jpg'),(51,'99','','https://pbs.twimg.com/profile_images/865253168086564864/JU4LwW-4_400x400.jpg'),(52,'雄之助','Yunosuke','https://pbs.twimg.com/profile_images/723924732546936833/N2tn1SW__400x400.jpg'),(53,'初音ミク','Hatsune Miku','https://pbs.twimg.com/profile_images/479856017438556160/TUPKOb9i_400x400.jpeg'),(54,'Circus','','https://pbs.twimg.com/profile_images/1004917511828197376/g_-FnquL_400x400.jpg'),(55,'tekalu','','https://pbs.twimg.com/profile_images/910389643689918464/GNE8uaRW_400x400.jpg'),(56,'結良まり','Yura Mari','https://pbs.twimg.com/profile_images/953281390123954177/MiqfOKNI_400x400.jpg'),(57,'カーシマ','Kashima','https://pbs.twimg.com/profile_images/802318338755940352/4ZQ28AZk_400x400.jpg'),(58,'nayuta','','https://pbs.twimg.com/profile_images/955003241200152577/64QADVl0_400x400.jpg'),(59,'三兵','Sanpei','https://pbs.twimg.com/profile_images/853968579552661508/pAV_K8V9_400x400.jpg'),(60,'棗いつき','Natsume Itsuki','https://pbs.twimg.com/profile_images/997480148344586240/RCwjYXJ9_400x400.jpg'),(61,'Chocolate 7','','https://pbs.twimg.com/profile_images/811165470413856768/_-5pGIrU_400x400.jpg'),(62,'Matatabi Sound System','','https://pbs.twimg.com/profile_images/1015571162833620997/F_KGQwpV_400x400.jpg'),(63,'Dustvoxx','','https://pbs.twimg.com/profile_images/882870118308499456/QE2s6WgR_400x400.jpg'),(64,'赤鬼','RedOgre','https://pbs.twimg.com/profile_images/1018164177431478272/3Q9WaR-H_400x400.jpg'),(65,'ばっしゅ','B45H','https://pbs.twimg.com/profile_images/673429845510983680/r2Rvn-uO_400x400.jpg'),(66,'moro','morrrrrro','https://pbs.twimg.com/profile_images/665535649504595968/smXs0Hni_400x400.jpg'),(68,'ななひら','Nanahira','https://pbs.twimg.com/profile_images/953288041589743616/Ans-KGLC_400x400.jpg'),(69,'U-ske','','https://pbs.twimg.com/profile_images/991913758485200896/LS992EM5_400x400.jpg'),(70,'ARM (IOSYS)','','https://pbs.twimg.com/profile_images/570528069341818880/OFP1yGra_400x400.jpeg'),(71,'小紺ココ','Kokon Koko','https://pbs.twimg.com/profile_images/1027704617365204992/EuGXKRjM_400x400.jpg'),(72,'まろん & とん (IOSYS)','Maron Ton','https://pbs.twimg.com/profile_images/992629508866883585/5kuCwUWh_400x400.jpg'),(73,'かめりあ','Camellia','https://pbs.twimg.com/profile_images/950748047457239042/nL-Zs2hB_400x400.jpg'),(74,'黒魔','Chroma','https://pbs.twimg.com/profile_images/913340213442756608/PO_fuya5_400x400.jpg'),(75,'キノシタ','Kinoshita','https://pbs.twimg.com/profile_images/951003785521844224/hFkLzGzd_400x400.jpg'),(76,'松坂康司','Matsuzaka Koji','https://pbs.twimg.com/profile_images/750625751758544896/jxqwXDon_400x400.jpg'),(77,'colate','','https://pbs.twimg.com/profile_images/914246105402970112/HQHLplek_400x400.jpg'),(78,'lapix','','https://pbs.twimg.com/profile_images/378800000295893902/b56e268fb2d7e3393275044b2da9007a_400x400.jpeg'),(79,'PSYQUI','','https://pbs.twimg.com/profile_images/1026030971999506432/EpKeKgxE_400x400.jpg'),(80,'Such','','https://pbs.twimg.com/profile_images/1015828856022790145/WvYQfeUw_400x400.jpg'),(81,'Kent Alexander','','https://pbs.twimg.com/profile_images/486914739243466752/chnyC7x0_400x400.jpeg'),(82,'豆湯豆腐','Mameyudoufu','https://pbs.twimg.com/profile_images/921689072988336128/J0DzIshi_400x400.jpg'),(83,'Luschel','',''),(84,'Zekk','','https://pbs.twimg.com/profile_images/980280968643674112/WPMffL2__400x400.jpg'),(85,'DJKATSUYA','','https://pbs.twimg.com/profile_images/710425312203411457/613MAjzj_400x400.jpg'),(86,'Numb\'n\'dub','','https://pbs.twimg.com/profile_images/3046432572/48f84f55cd1d8ae7c68886bbecfe2f21_400x400.jpeg'),(87,'DJPoyoshi','','https://pbs.twimg.com/profile_images/967803294667104256/I2NZPDLC_400x400.jpg'),(88,'DJ Shimamura','','https://pbs.twimg.com/profile_images/1017386921457152000/AqyR9YsU_400x400.jpg'),(89,'kamome sano','','https://pbs.twimg.com/profile_images/984839259210186757/NffRLnPD_400x400.jpg'),(90,'mami','','https://pbs.twimg.com/profile_images/790557802464890880/OuZforXm_400x400.jpg'),(91,'KOTONOHOUSE','ことのは','https://pbs.twimg.com/profile_images/1018227455247593473/OUBpIaXS_400x400.jpg'),(92,'EVO+','玄米野郎','https://pbs.twimg.com/profile_images/1017288232235499520/jsm3rtxe_400x400.jpg'),(93,'Nicole Curry','니콜커리','https://pbs.twimg.com/profile_images/944745425420079104/UKXxLUv1_400x400.jpg'),(94,'Renko','','https://pbs.twimg.com/profile_images/1009073195121405952/S6ZGC_yw_400x400.jpg'),(95,'TRI△NGLE','',''),(96,'SNOW SMILE','egavvo','https://pbs.twimg.com/profile_images/980831749776203777/G-2wMnT1_400x400.jpg'),(97,'nyankobrq','','https://pbs.twimg.com/profile_images/922539921616674816/1zmug020_400x400.jpg'),(98,'Dirty Androids','','https://pbs.twimg.com/profile_images/720488642788073472/qAhncxnk_400x400.jpg'),(99,'braven','','https://pbs.twimg.com/profile_images/939786784283561984/Boygy2pv_400x400.jpg'),(100,'Shully','松浦渚','https://pbs.twimg.com/profile_images/968890052200681472/AxNlkchr_400x400.jpg'),(101,'Kanata.N','かなたん','https://pbs.twimg.com/profile_images/943113647743574016/laP21qu9_400x400.jpg'),(102,'DJ WILDPARTY','ワイパ','https://pbs.twimg.com/profile_images/600718235307237376/EV1CvUg7_400x400.png'),(103,'KAN TAKAHIKO','','https://pbs.twimg.com/profile_images/812541665328054272/jA4mImix_400x400.jpg'),(104,'Genick','','https://pbs.twimg.com/profile_images/973046303646146561/GNYLd7rp_400x400.jpg'),(105,'MΛCE','chikuwa.jp','https://pbs.twimg.com/profile_images/916517981923901440/kSds1FFi_400x400.jpg'),(106,'KO3','','https://pbs.twimg.com/profile_images/996187133982330880/3r06-BCz_400x400.jpg'),(107,'Relect','','https://pbs.twimg.com/profile_images/1004338391100502017/vsvwndZX_400x400.jpg'),(108,'Blacklolita','','https://pbs.twimg.com/profile_images/974672906553667584/vfra5PRT_400x400.jpg'),(109,'Kurasaki','','https://i1.sndcdn.com/avatars-000425280585-49xuwd-t500x500.jpg'),(110,'Hylen','','https://pbs.twimg.com/profile_images/1028496136179408897/5AiPrqZT_400x400.jpg'),(111,'Akira Complex','','https://pbs.twimg.com/profile_images/989227037033459715/8oS9FNVI_400x400.jpg'),(112,'N²','ANTIREAL','https://pbs.twimg.com/profile_images/967960417598361600/H7KTZPiV_400x400.jpg'),(113,'Defsharp','glonk','https://pbs.twimg.com/profile_images/1025477148146950144/nGLgaNHo_400x400.jpg'),(114,'Arcien','','https://pbs.twimg.com/profile_images/1022505285271867392/D3o5L9_a_400x400.jpg'),(115,'赤川ねね','Akagawa Nene','https://pbs.twimg.com/profile_images/1020276969663954944/bi7Y3UYe_400x400.jpg'),(116,'Taku Inoue','井上拓','https://pbs.twimg.com/profile_images/875547662572859393/WF9t5Iha_400x400.jpg'),(117,'mow*2','','https://lastfm-img2.akamaized.net/i/u/770x0/b366dc5fee264b35cbe602158d97a4d8.jpg#b366dc5fee264b35cbe602158d97a4d8'),(118,'MC Natsack','','https://lastfm-img2.akamaized.net/i/u/300x300/4b2b3c47ec604695be554a00dd9e8398.png'),(119,'ZUN','博麗神主','https://pbs.twimg.com/profile_images/1320600350/IMG_0043bs_400x400.jpg'),(120,'C-Show','','https://pbs.twimg.com/profile_images/940517972606513152/cFauSSPT_400x400.png'),(121,'MAD CHILD','','https://pbs.twimg.com/profile_images/886468366717689856/dFDJ9GFT_400x400.jpg'),(122,'Shandy Kubota','','https://lastfm-img2.akamaized.net/i/u/300x300/d24e1ebf9ed5443eab72407c40253ce5.png'),(123,'黒うさP','WhiteFlame','https://pbs.twimg.com/profile_images/378800000133828695/2095429e4bf77cc3a3a4f76fcdeb4b77_400x400.png'),(124,'BlackY','','https://pbs.twimg.com/profile_images/715602969471750144/LjFS7WPt_400x400.jpg'),(125,'sky_delta','','https://pbs.twimg.com/profile_images/830361953776250880/exoKH8mc_400x400.jpg'),(126,'Yooh','','https://pbs.twimg.com/profile_images/1007408607904722944/Vx-GSCm9_400x400.jpg'),(127,'xi','','https://pbs.twimg.com/profile_images/639404837919068161/IevjaPya_400x400.png'),(128,'モリモリあつし','Morimori Atsushi','https://pbs.twimg.com/profile_images/922903627320082432/t3-YHmd-_400x400.jpg'),(129,'Silentroom','','https://pbs.twimg.com/profile_images/919941231479734273/yGzAjzJe_400x400.jpg'),(130,'stereoberry','べりお','https://pbs.twimg.com/profile_images/986471475820441600/-xVuEEbh_400x400.jpg'),(131,'Feryquitous','','https://pbs.twimg.com/profile_images/967299060087406592/6-ndeqFd_400x400.jpg'),(132,'LAZ','','https://pbs.twimg.com/profile_images/1024681076000620544/d8JS0-ey_400x400.jpg'),(133,'T.B.S.A.','','https://pbs.twimg.com/profile_images/702691469690216449/bT3i_pQy_400x400.png'),(134,'Polyphonix','','https://pbs.twimg.com/profile_images/965868706629697537/RQN-XylZ_400x400.jpg'),(135,'Kanae Asaba','浅場佳苗','https://pbs.twimg.com/profile_images/1023463217425670144/cDWVk74q_400x400.jpg'),(136,'sakuramodki','さくらもどき','https://pbs.twimg.com/profile_images/890297956309618689/yHNTwIwz_400x400.jpg'),(137,'Masayoshi Minoshima','','https://pbs.twimg.com/profile_images/995807293/___400x400.png'),(138,'Nhato','なはと','https://pbs.twimg.com/profile_images/783269209417527297/MASWrgxB_400x400.jpg'),(139,'mana','あらかわ　まな','https://pbs.twimg.com/profile_images/475878855396163584/X3Wwpebz_400x400.jpeg'),(140,'Rin','','https://pbs.twimg.com/profile_images/914693922433114112/UQmwSiUm_400x400.jpg'),(141,'ginkiha','','https://pbs.twimg.com/profile_images/788800951897296896/sGHQQube_400x400.jpg'),(142,'nora2r','','https://pbs.twimg.com/profile_images/875562234876907522/ds8wxy5H_400x400.jpg'),(143,'DJ Dean','','https://pbs.twimg.com/profile_images/2915284196/1726fb7757c521d0a2793da0fe3a03c2_400x400.jpeg'),(144,'DJ T.H.','','https://pbs.twimg.com/profile_images/1027267066947092480/IGjpelnn_400x400.jpg'),(145,'ばんだいく','2KHz','https://pbs.twimg.com/profile_images/2254466909/2khz_jacket_icon_400x400.jpg'),(146,'大久保博','Hiroshi Okubo','https://pbs.twimg.com/profile_images/1005364468577021955/7m8BckWq_400x400.jpg'),(147,'Shoichiro Hirata','','https://pbs.twimg.com/profile_images/1071698257/P2010_0407_214358_400x400.JPG'),(148,'Sana','新谷さなえ','https://pbs.twimg.com/profile_images/719088497961803776/wtYjtAhz_400x400.jpg'),(149,'ちばけんいち','Kenichi Chiba','https://pbs.twimg.com/profile_images/881532430183612417/R4e7WlU8_400x400.jpg'),(150,'EmoCo.','エモコサイン Cosine','https://pbs.twimg.com/profile_images/957489434219356160/R8fPX7KA_400x400.jpg'),(151,'SAK.','','https://pbs.twimg.com/profile_images/698936242939899906/hYINFdPF_400x400.jpg'),(152,'Taishi','','https://pbs.twimg.com/profile_images/836668374595719168/tJfEJtZb_400x400.jpg'),(153,'naotyu-','','https://pbs.twimg.com/profile_images/745690982205652993/hvnsxl4T_400x400.jpg'),(154,'Aizdean','','https://pbs.twimg.com/profile_images/3466403894/19e2ec981a11668a4092e3db05de4e6f_400x400.jpeg'),(155,'削除','Sakuzyo','https://pbs.twimg.com/profile_images/1028267349864935425/4r7WWRyF_400x400.jpg'),(156,'Lvndr','','https://i1.sndcdn.com/avatars-000162351731-dwc6yz-t500x500.jpg'),(157,'Kiri','',''),(158,'callasoiled','','https://pbs.twimg.com/profile_images/743331025019797504/Uf8M_zJn_400x400.jpg'),(159,'ag','','https://pbs.twimg.com/profile_images/946656377371369473/bD60gqnG_400x400.jpg'),(160,'倉先','kurasaki','https://pbs.twimg.com/profile_images/1016729325876305920/bDkkqft8_400x400.png'),(161,'Scarfaith','','https://pbs.twimg.com/profile_images/599246347653386242/3eXX4rCu_400x400.jpg'),(162,'mossari','','https://pbs.twimg.com/profile_images/985726065095073792/6hIZyIbi_400x400.jpg'),(163,'TEA','','https://pbs.twimg.com/profile_images/970987579280564224/yAnO9d10_400x400.jpg'),(164,'Yamajet','','https://pbs.twimg.com/profile_images/852052959508615168/Cb14RN09_400x400.jpg'),(165,'リュウノスケ クドウ','Ryunosuke Kudo','https://pbs.twimg.com/profile_images/1013580419801931776/01w8YPxK_400x400.jpg'),(166,'SAK','','https://pbs.twimg.com/profile_images/698936242939899906/hYINFdPF_400x400.jpg'),(167,'Hiroshi Watanabe','ヒロシ ワタナベ aka KAITO','https://pbs.twimg.com/profile_images/964103511301439489/p5E_UWzT_400x400.jpg'),(168,'yuigot','Applekid','https://pbs.twimg.com/profile_images/1021327887968874498/qFDQWKUD_400x400.jpg'),(169,'ふくろう','fuku6','https://pbs.twimg.com/profile_images/983307705954652166/jQRdQBcN_400x400.jpg'),(170,'メカニカ','Mecanika','https://pbs.twimg.com/profile_images/1005846418844602368/U1GWCseB_400x400.jpg'),(171,'eins','','https://pbs.twimg.com/profile_images/995989710395736064/hcCDaLmz_400x400.jpg'),(172,'MMQX','','https://pbs.twimg.com/profile_images/1008320165996425222/gFs1hKj9_400x400.jpg'),(173,'Radianth','','https://pbs.twimg.com/profile_images/738533764955963394/U9jtjscZ_400x400.jpg'),(174,'factal','','https://abs.twimg.com/sticky/default_profile_images/default_profile_400x400.png'),(175,'ぷる','Puru','https://pbs.twimg.com/profile_images/1025277486592974848/4ZBt4318_400x400.jpg'),(176,'fang','','https://pbs.twimg.com/profile_images/990575211736064001/yE70eRCl_400x400.jpg'),(177,'polysha','ぽりしゃ','https://pbs.twimg.com/profile_images/987977781853089792/fgJu4E7I_400x400.jpg'),(178,'ryhki','さめち','https://pbs.twimg.com/profile_images/1024310676737511424/91Mq5fWu_400x400.jpg'),(179,'源屋','Minamotoya','https://pbs.twimg.com/profile_images/529508751384903680/mqhhM6QJ_400x400.jpeg'),(180,'cosMo＠暴走P','黒猫アンティーク','https://pbs.twimg.com/profile_images/938603653992103936/cq2GW3ue_400x400.jpg'),(182,'MK','','https://pbs.twimg.com/profile_images/715715380799340545/Yszr4X_w_400x400.jpg'),(183,'MYTK','','https://pbs.twimg.com/profile_images/1001782207193661440/ZaDvuvIq_400x400.jpg'),(184,'隣人','Linjin','https://pbs.twimg.com/profile_images/1025387241193889792/JB8KiFwQ_400x400.jpg'),(185,'Musicarus','','https://pbs.twimg.com/profile_images/980038475700322304/u2wlFvt9_400x400.jpg'),(186,'Tomohiko Togashi','','https://pbs.twimg.com/profile_images/1026274744214028288/dMK4lKcV_400x400.jpg'),(187,'Casual Killer','SoU','https://pbs.twimg.com/profile_images/898522649223061506/_bQ8Lhrw_400x400.jpg'),(188,'SprightS','','https://pbs.twimg.com/profile_images/914351296731160576/ZP7YqlNu_400x400.jpg'),(189,'REMO-CON','','https://pbs.twimg.com/profile_images/765888133430779904/gmGW4M-d_400x400.jpg'),(190,'Ujico*','Snail’s House','https://pbs.twimg.com/profile_images/1016621284178841604/05osYY68_400x400.jpg');
/*!40000 ALTER TABLE `artist` ENABLE KEYS */;
UNLOCK TABLES;

--
-- Table structure for table `event`
--

DROP TABLE IF EXISTS `event`;
/*!40101 SET @saved_cs_client     = @@character_set_client */;
 SET character_set_client = utf8mb4 ;
CREATE TABLE `event` (
  `id_event` int(11) NOT NULL AUTO_INCREMENT,
  `title` varchar(255) COLLATE utf8_bin NOT NULL,
  PRIMARY KEY (`id_event`)
) ENGINE=InnoDB AUTO_INCREMENT=3 DEFAULT CHARSET=utf8 COLLATE=utf8_bin;
/*!40101 SET character_set_client = @saved_cs_client */;

--
-- Dumping data for table `event`
--

LOCK TABLES `event` WRITE;
/*!40000 ALTER TABLE `event` DISABLE KEYS */;
INSERT INTO `event` VALUES (1,'M3_41'),(2,'C94');
/*!40000 ALTER TABLE `event` ENABLE KEYS */;
UNLOCK TABLES;

--
-- Table structure for table `genre`
--

DROP TABLE IF EXISTS `genre`;
/*!40101 SET @saved_cs_client     = @@character_set_client */;
 SET character_set_client = utf8mb4 ;
CREATE TABLE `genre` (
  `id_genre` int(11) NOT NULL AUTO_INCREMENT,
  `name` varchar(255) COLLATE utf8_bin NOT NULL,
  PRIMARY KEY (`id_genre`)
) ENGINE=InnoDB AUTO_INCREMENT=2 DEFAULT CHARSET=utf8 COLLATE=utf8_bin;
/*!40101 SET character_set_client = @saved_cs_client */;

--
-- Dumping data for table `genre`
--

LOCK TABLES `genre` WRITE;
/*!40000 ALTER TABLE `genre` DISABLE KEYS */;
INSERT INTO `genre` VALUES (1,'none');
/*!40000 ALTER TABLE `genre` ENABLE KEYS */;
UNLOCK TABLES;

--
-- Table structure for table `producer`
--

DROP TABLE IF EXISTS `producer`;
/*!40101 SET @saved_cs_client     = @@character_set_client */;
 SET character_set_client = utf8mb4 ;
CREATE TABLE `producer` (
  `id_producer` int(11) NOT NULL AUTO_INCREMENT,
  `name` varchar(255) COLLATE utf8_bin NOT NULL,
  `url_image` varchar(1024) COLLATE utf8_bin NOT NULL,
  PRIMARY KEY (`id_producer`)
) ENGINE=InnoDB AUTO_INCREMENT=29 DEFAULT CHARSET=utf8 COLLATE=utf8_bin;
/*!40101 SET character_set_client = @saved_cs_client */;

--
-- Dumping data for table `producer`
--

LOCK TABLES `producer` WRITE;
/*!40000 ALTER TABLE `producer` DISABLE KEYS */;
INSERT INTO `producer` VALUES (1,'Lilium Records','https://pbs.twimg.com/profile_images/519104175741751297/pl1OlY3p_400x400.png'),(2,'HARDCORE TANO*C','https://pbs.twimg.com/profile_images/1847829595/tanoc_twitter_400x400.jpg'),(3,'J-NERATION','https://pbs.twimg.com/profile_images/647038739219288064/s-EWDj_E_400x400.jpg'),(4,'Riparia Records','https://pbs.twimg.com/profile_images/1018785456752738304/QnlzJ0xY_400x400.jpg'),(5,'ABSOLUTE CASTAWAY','https://pbs.twimg.com/profile_images/717582873658662912/YENg70o2_400x400.jpg'),(6,'雄之助','https://pbs.twimg.com/profile_images/723924732546936833/N2tn1SW__400x400.jpg'),(7,'YUC\'e','https://pbs.twimg.com/profile_images/1014879976426881025/tKas912q_400x400.jpg'),(8,'Sound Lodge ','https://pbs.twimg.com/profile_images/811165470413856768/_-5pGIrU_400x400.jpg'),(9,'FREAKIN WORKS','https://pbs.twimg.com/profile_images/457040965933346816/ljXovpxj_400x400.jpeg'),(10,'Confetto','https://pbs.twimg.com/profile_images/953288041589743616/Ans-KGLC_400x400.jpg'),(11,'MEGAREX','https://pbs.twimg.com/profile_images/501033962920095748/cGqLbg9k_400x400.jpeg'),(12,'CYCLIK CONTROL','https://pbs.twimg.com/profile_images/783690466164256770/Tf0iVsl__400x400.jpg'),(13,'Hommarju','https://pbs.twimg.com/profile_images/1026785135893471232/aq-8YKUn_400x400.jpg'),(14,'Cutie & Headshaking Sounds','https://pbs.twimg.com/profile_images/760460041963003906/e3OYBXDp_400x400.jpg'),(15,'pichnopop','https://pbs.twimg.com/profile_images/796627589741690880/dtjeZL2V_400x400.jpg'),(16,'かめるかめりあ','https://pbs.twimg.com/profile_images/1029700587804213248/480a0Kf5_400x400.jpg'),(17,'BlackY\'s BEATFLOOR','https://pbs.twimg.com/profile_images/715602969471750144/LjFS7WPt_400x400.jpg'),(18,'瓶底眼鏡女子同盟','https://i1.sndcdn.com/avatars-000096490029-le23rv-t500x500.jpg'),(19,'pastyle','https://pbs.twimg.com/profile_images/1024681076000620544/d8JS0-ey_400x400.jpg'),(20,'Polyphonix','https://pbs.twimg.com/profile_images/965868706629697537/RQN-XylZ_400x400.jpg'),(21,'ばんだいく','https://pbs.twimg.com/profile_images/2254466909/2khz_jacket_icon_400x400.jpg'),(22,'UOM Records','https://img.discogs.com/S2D2vhN3nW1PaIuxB9qCjZ7O7K4=/fit-in/600x338/filters:strip_icc():format(jpeg):mode_rgb():quality(90)/discogs-images/L-158318-1518880963-5725.jpeg.jpg'),(23,'Diverse System','https://pbs.twimg.com/profile_images/893889796803776512/Xbdk3xV1_400x400.jpg'),(24,'AlphaVersion Records','https://pbs.twimg.com/profile_images/724918622230040581/z7Wpst6E_400x400.jpg'),(25,'Sound Ave.','https://i1.sndcdn.com/avatars-000014000142-xihztf-t500x500.jpg'),(26,'SKETCH UP! Rec.','https://pbs.twimg.com/profile_images/989968564638502912/DBsusVoq_400x400.jpg'),(27,'CHEMICAL SYSTEM','http://chemsys.cc/img/csle_bnr.png'),(28,'wavforme','https://pbs.twimg.com/profile_images/631449482824056832/DFS_6iqV_400x400.jpg');
/*!40000 ALTER TABLE `producer` ENABLE KEYS */;
UNLOCK TABLES;

--
-- Table structure for table `song`
--

DROP TABLE IF EXISTS `song`;
/*!40101 SET @saved_cs_client     = @@character_set_client */;
 SET character_set_client = utf8mb4 ;
CREATE TABLE `song` (
  `id_song` int(11) NOT NULL AUTO_INCREMENT,
  `disc` int(11) NOT NULL,
  `track` int(11) NOT NULL,
  `title` varchar(1024) CHARACTER SET utf8 NOT NULL,
  `url_stream` varchar(1024) CHARACTER SET utf8 NOT NULL,
  `id_album` int(11) NOT NULL,
  `id_genre` int(11) NOT NULL,
  PRIMARY KEY (`id_song`),
  KEY `song_to_album_idx` (`id_album`),
  KEY `song_to_genre_idx` (`id_genre`),
  CONSTRAINT `song_to_album` FOREIGN KEY (`id_album`) REFERENCES `album` (`id_album`) ON DELETE NO ACTION ON UPDATE NO ACTION,
  CONSTRAINT `song_to_genre` FOREIGN KEY (`id_genre`) REFERENCES `genre` (`id_genre`) ON DELETE NO ACTION ON UPDATE NO ACTION
) ENGINE=InnoDB AUTO_INCREMENT=342 DEFAULT CHARSET=utf8 COLLATE=utf8_unicode_ci;
/*!40101 SET character_set_client = @saved_cs_client */;

--
-- Dumping data for table `song`
--

LOCK TABLES `song` WRITE;
/*!40000 ALTER TABLE `song` DISABLE KEYS */;
INSERT INTO `song` VALUES (1,1,1,'Craft Box','Comic_Market/C94/POPOVER%2BTEATIME%204/01.%20Craft%20Box.mp3',1,1),(2,1,2,'Cinnamon Rolls','Comic_Market/C94/POPOVER%2BTEATIME%204/02.%20Cinnamon%20Rolls.mp3',1,1),(3,1,3,'Weekend Stroll','Comic_Market/C94/POPOVER%2BTEATIME%204/03.%20Weekend%20Stroll.mp3',1,1),(4,1,4,'Love, Virtual Love','Comic_Market/C94/POPOVER%2BTEATIME%204/04.%20Love%2C%20Virtual%20Love.mp3',1,1),(5,1,5,'Rainbow Icecream','Comic_Market/C94/POPOVER%2BTEATIME%204/05.%20Rainbow%20Icecream.mp3',1,1),(6,1,6,'Take Me Down','Comic_Market/C94/POPOVER%2BTEATIME%204/06.%20Take%20Me%20Down.mp3',1,1),(7,1,7,'Future Sight','Comic_Market/C94/POPOVER%2BTEATIME%204/07.%20Future%20Sight.mp3',1,1),(8,1,8,'Mirage','Comic_Market/C94/POPOVER%2BTEATIME%204/08.%20Mirage.mp3',1,1),(9,1,9,'Non Sugar','Comic_Market/C94/POPOVER%2BTEATIME%204/09.%20Non%20Sugar.mp3',1,1),(10,1,10,'Coucou','Comic_Market/C94/POPOVER%2BTEATIME%204/10.%20Coucou.mp3',1,1),(11,1,1,'Splash Dreams','Comic_Market/C94/HARDCORE%20SYNDROME%2012/01.%20Splash%20Dreams.mp3',2,1),(12,1,2,'Stay with Me','Comic_Market/C94/HARDCORE%20SYNDROME%2012/02.%20Stay%20with%20Me.mp3',2,1),(13,1,3,'HE110','Comic_Market/C94/HARDCORE%20SYNDROME%2012/03.%20HE110.mp3',2,1),(14,1,4,'Party Don\'t Stop','Comic_Market/C94/HARDCORE%20SYNDROME%2012/04.%20Party%20Don%27t%20Stop.mp3',2,1),(15,1,5,'Born to be Hard','Comic_Market/C94/HARDCORE%20SYNDROME%2012/05.%20Born%20to%20be%20Hard.mp3',2,1),(16,1,6,'After Ascension','Comic_Market/C94/HARDCORE%20SYNDROME%2012/06.%20After%20Ascension.mp3',2,1),(17,1,7,'Funny Screech','Comic_Market/C94/HARDCORE%20SYNDROME%2012/07.%20Funny%20Screech.mp3',2,1),(18,1,8,'PREVAIL','Comic_Market/C94/HARDCORE%20SYNDROME%2012/08.%20PREVAIL.mp3',2,1),(19,1,9,'Up In Smoke','Comic_Market/C94/HARDCORE%20SYNDROME%2012/09.%20Up%20In%20Smoke.mp3',2,1),(20,1,10,'Hellraiser','Comic_Market/C94/HARDCORE%20SYNDROME%2012/10.%20Hellraiser.mp3',2,1),(21,1,11,'Shazai','Comic_Market/C94/HARDCORE%20SYNDROME%2012/11.%20Shazai.mp3',2,1),(22,1,12,'Robot Dreams','Comic_Market/C94/HARDCORE%20SYNDROME%2012/12.%20Robot%20Dreams.mp3',2,1),(23,1,13,'Machinery of Avoid','Comic_Market/C94/HARDCORE%20SYNDROME%2012/13.%20Machinery%20of%20Avoid.mp3',2,1),(24,1,14,'Raving Hype','Comic_Market/C94/HARDCORE%20SYNDROME%2012/14.%20Raving%20Hype.mp3',2,1),(25,1,15,'Glitched Character','Comic_Market/C94/HARDCORE%20SYNDROME%2012/15.%20Glitched%20Character.mp3',2,1),(26,1,16,'RAVE-O-LUTION 456','Comic_Market/C94/HARDCORE%20SYNDROME%2012/16.%20RAVE-O-LUTION%20456.mp3',2,1),(27,1,1,'Hello Friends!','Comic_Market/C94/J-NERATION%20TOYS/01.%20Hello%20Friends%21.mp3',3,1),(28,1,2,'Super Chocolate','Comic_Market/C94/J-NERATION%20TOYS/02.%20Super%20Chocolate.mp3',3,1),(29,1,3,'Mermaid','Comic_Market/C94/J-NERATION%20TOYS/03.%20Mermaid.mp3',3,1),(30,1,4,'Chiffon Cake','Comic_Market/C94/J-NERATION%20TOYS/04.%20Chiffon%20Cake.mp3',3,1),(31,1,5,'Princess Mode','Comic_Market/C94/J-NERATION%20TOYS/05.%20Princess%20Mode.mp3',3,1),(32,1,6,'Kids Express','Comic_Market/C94/J-NERATION%20TOYS/06.%20Kids%20Express.mp3',3,1),(33,1,7,'Trinity','Comic_Market/C94/J-NERATION%20TOYS/07.%20Trinity.mp3',3,1),(34,1,8,'Doggy Tails','Comic_Market/C94/J-NERATION%20TOYS/08.%20Doggy%20Tails.mp3',3,1),(35,1,9,'Utopia Coliseum','Comic_Market/C94/J-NERATION%20TOYS/09.%20Utopia%20Coliseum.mp3',3,1),(36,1,10,'Platinum days','Comic_Market/C94/J-NERATION%20TOYS/10.%20Platinum%20days.mp3',3,1),(37,1,1,'Strawhat & Diary','Comic_Market/C94/Found/01.%20Strawhat%20%26%20Diary.mp3',4,1),(38,1,2,'Found','Comic_Market/C94/Found/02.%20Found.mp3',4,1),(39,1,3,'Alphaseeker','Comic_Market/C94/Found/03.%20Alphaseeker.mp3',4,1),(40,1,4,'Hypothesis','Comic_Market/C94/Found/04.%20Hypothesis.mp3',4,1),(41,1,5,'Nimbus(Tanchiky Remix)','Comic_Market/C94/Found/05.%20Nimbus%28Tanchiky%20Remix%29.mp3',4,1),(42,1,6,'Solar System','Comic_Market/C94/Found/06.%20Solar%20System.mp3',4,1),(43,1,7,'Overseer','Comic_Market/C94/Found/07.%20Overseer.mp3',4,1),(44,1,8,'Like or Dislike','Comic_Market/C94/Found/08.%20Like%20or%20Dislike.mp3',4,1),(45,1,1,'MEMORiZE','Comic_Market/C94/AKA/01.%20MEMORiZE.mp3',5,1),(46,1,2,'Little Star (Full ver.)','Comic_Market/C94/AKA/02.%20Little%20Star%20%28Full%20ver.%29.mp3',5,1),(47,1,3,'マサカリブレイド (Extended mix)','Comic_Market/C94/AKA/03.%20%E3%83%9E%E3%82%B5%E3%82%AB%E3%83%AA%E3%83%96%E3%83%AC%E3%82%A4%E3%83%89%20%28Extended%20mix%29.mp3',5,1),(48,1,4,'Ultra Red','Comic_Market/C94/AKA/04.%20Ultra%20Red.mp3',5,1),(49,1,5,'Close the World feat.a☆ru (Full ver.)','Comic_Market/C94/AKA/05.%20Close%20the%20World%20feat.a%E2%98%86ru%20%28Full%20ver.%29.mp3',5,1),(50,1,6,'VEGA (Extended mix)','Comic_Market/C94/AKA/06.%20VEGA%20%28Extended%20mix%29.mp3',5,1),(51,1,7,'Into the Darkness','Comic_Market/C94/AKA/07.%20Into%20the%20Darkness.mp3',5,1),(52,1,8,'HiGHER','Comic_Market/C94/AKA/08.%20HiGHER.mp3',5,1),(53,1,9,'Hot for You','Comic_Market/C94/AKA/09.%20Hot%20for%20You.mp3',5,1),(54,1,10,'FLOWER (REDALiCE Remix)','Comic_Market/C94/AKA/10.%20FLOWER%20%28REDALiCE%20Remix%29.mp3',5,1),(55,1,11,'One Day','Comic_Market/C94/AKA/11.%20One%20Day.mp3',5,1),(56,1,12,'Breakin\' Chain (Extended mix)','Comic_Market/C94/AKA/12.%20Breakin%27%20Chain%20%28Extended%20mix%29.mp3',5,1),(57,1,13,'Little Star (YUC\'e Remix)','Comic_Market/C94/AKA/13.%20Little%20Star%20%28YUC%27e%20Remix%29.mp3',5,1),(58,1,14,'マサカリブレイド (Kobaryo\'s FTN-Remix)','Comic_Market/C94/AKA/14.%20%E3%83%9E%E3%82%B5%E3%82%AB%E3%83%AA%E3%83%96%E3%83%AC%E3%82%A4%E3%83%89%20%28Kobaryo%27s%20FTN-Remix%29.mp3',5,1),(59,1,1,'シリウスの遊園 -Hacka-','Comic_Market/C94/ASTRO%3DFILMS/01.%20%E3%82%B7%E3%83%AA%E3%82%A6%E3%82%B9%E3%81%AE%E9%81%8A%E5%9C%92%20-Hacka-.mp3',6,1),(60,1,2,'スピカの約束','Comic_Market/C94/ASTRO%3DFILMS/02.%20%E3%82%B9%E3%83%94%E3%82%AB%E3%81%AE%E7%B4%84%E6%9D%9F.mp3',6,1),(61,1,3,'キファの境界','Comic_Market/C94/ASTRO%3DFILMS/03.%20%E3%82%AD%E3%83%95%E3%82%A1%E3%81%AE%E5%A2%83%E7%95%8C.mp3',6,1),(62,1,4,'シャウラの薔薇','Comic_Market/C94/ASTRO%3DFILMS/04.%20%E3%82%B7%E3%83%A3%E3%82%A6%E3%83%A9%E3%81%AE%E8%96%94%E8%96%87.mp3',6,1),(63,1,5,'アルタルフの銀幕','Comic_Market/C94/ASTRO%3DFILMS/05.%20%E3%82%A2%E3%83%AB%E3%82%BF%E3%83%AB%E3%83%95%E3%81%AE%E9%8A%80%E5%B9%95.mp3',6,1),(64,1,6,'シリウスの遊園 -Hacka-(Instrumental)','Comic_Market/C94/ASTRO%3DFILMS/06.%20%E3%82%B7%E3%83%AA%E3%82%A6%E3%82%B9%E3%81%AE%E9%81%8A%E5%9C%92%20-Hacka-%28Instrumental%29.mp3',6,1),(65,1,7,'スピカの約束(Instrumental)','Comic_Market/C94/ASTRO%3DFILMS/07.%20%E3%82%B9%E3%83%94%E3%82%AB%E3%81%AE%E7%B4%84%E6%9D%9F%28Instrumental%29.mp3',6,1),(66,1,8,'キファの境界(Instrumental)','Comic_Market/C94/ASTRO%3DFILMS/08.%20%E3%82%AD%E3%83%95%E3%82%A1%E3%81%AE%E5%A2%83%E7%95%8C%28Instrumental%29.mp3',6,1),(67,1,9,'シャウラの薔薇(Instrumental)','Comic_Market/C94/ASTRO%3DFILMS/09.%20%E3%82%B7%E3%83%A3%E3%82%A6%E3%83%A9%E3%81%AE%E8%96%94%E8%96%87%28Instrumental%29.mp3',6,1),(68,1,10,'アルタルフの銀幕(Instrumental)','Comic_Market/C94/ASTRO%3DFILMS/10.%20%E3%82%A2%E3%83%AB%E3%82%BF%E3%83%AB%E3%83%95%E3%81%AE%E9%8A%80%E5%B9%95%28Instrumental%29.mp3',6,1),(69,1,1,'Feel My Heart','Comic_Market/C94/Fiction/01.%20Feel%20My%20Heart.mp3',7,1),(70,1,2,'Look at Me Now','Comic_Market/C94/Fiction/02.%20Look%20at%20Me%20Now.mp3',7,1),(71,1,3,'Catalyst','Comic_Market/C94/Fiction/03.%20Catalyst.mp3',7,1),(72,1,4,'Alexis','Comic_Market/C94/Fiction/04.%20%20Alexis.mp3',7,1),(73,1,5,'Cybernetic','Comic_Market/C94/Fiction/05.%20Cybernetic.mp3',7,1),(74,1,6,'SCALE BLASTER','Comic_Market/C94/Fiction/06.%20SCALE%20BLASTER.mp3',7,1),(75,1,7,'Existed','Comic_Market/C94/Fiction/07.%20%20Existed.mp3',7,1),(76,1,8,'illusion','Comic_Market/C94/Fiction/08.%20illusion.mp3',7,1),(77,1,9,'Ice Cream','Comic_Market/C94/Fiction/09.%20Ice%20Cream.mp3',7,1),(78,1,10,'El Dorado (2018 Remix)','Comic_Market/C94/Fiction/10.%20El%20Dorado%20%282018%20Remix%29.mp3',7,1),(79,1,1,'Summer Night Hiking','Comic_Market/C94/Summer%20Night%20Hiking/01.%20Summer%20Night%20Hiking.mp3',8,1),(80,1,1,'My Second Step','Comic_Market/C94/Second%20Step/01.%20My%20Second%20Step.mp3',9,1),(81,1,2,'「旅」','Comic_Market/C94/Second%20Step/02.%20%E3%80%8C%E6%97%85%E3%80%8D.mp3',9,1),(82,1,3,'渡り雲','Comic_Market/C94/Second%20Step/03.%20%E6%B8%A1%E3%82%8A%E9%9B%B2.mp3',9,1),(83,1,4,'dedication','Comic_Market/C94/Second%20Step/04.%20dedication.mp3',9,1),(84,1,5,'Only Flower','Comic_Market/C94/Second%20Step/05.%20Only%20Flower.mp3',9,1),(85,1,6,'気楽にいきたい','Comic_Market/C94/Second%20Step/06.%20%E6%B0%97%E6%A5%BD%E3%81%AB%E3%81%84%E3%81%8D%E3%81%9F%E3%81%84.mp3',9,1),(86,1,1,'Automaton','Comic_Market/C94/Frenchcore%20Stickout/01.%20Automaton.mp3',10,1),(87,1,2,'Mr. Red-Eye','Comic_Market/C94/Frenchcore%20Stickout/02.%20Mr.%20Red-Eye.mp3',10,1),(88,1,3,'All In My Head','Comic_Market/C94/Frenchcore%20Stickout/03.%20All%20In%20My%20Head.mp3',10,1),(89,1,4,'Laufey','Comic_Market/C94/Frenchcore%20Stickout/04.%20Laufey.mp3',10,1),(90,1,5,'Cyber Friction','Comic_Market/C94/Frenchcore%20Stickout/05.%20Cyber%20Friction.mp3',10,1),(91,1,6,'Jake','Comic_Market/C94/Frenchcore%20Stickout/06.%20Jake.mp3',10,1),(92,1,7,'STEPPERZ','Comic_Market/C94/Frenchcore%20Stickout/07.%20STEPPERZ.mp3',10,1),(93,1,8,'Ixtab','Comic_Market/C94/Frenchcore%20Stickout/08.%20Ixtab.mp3',10,1),(94,1,9,'Happy Hauntedcore','Comic_Market/C94/Frenchcore%20Stickout/09.%20Happy%20Hauntedcore.mp3',10,1),(95,1,1,'夏に咲く秘密','Comic_Market/C94/Covertly%20shine/01.%20%E5%A4%8F%E3%81%AB%E5%92%B2%E3%81%8F%E7%A7%98%E5%AF%86.mp3',11,1),(96,1,2,'飛んじゃえ！南国エスケピズム','Comic_Market/C94/Covertly%20shine/02.%20%E9%A3%9B%E3%82%93%E3%81%98%E3%82%83%E3%81%88%EF%BC%81%E5%8D%97%E5%9B%BD%E3%82%A8%E3%82%B9%E3%82%B1%E3%83%94%E3%82%BA%E3%83%A0.mp3',11,1),(97,1,3,'向日葵と少女','Comic_Market/C94/Covertly%20shine/03.%20%E5%90%91%E6%97%A5%E8%91%B5%E3%81%A8%E5%B0%91%E5%A5%B3.mp3',11,1),(98,1,1,'らーばんぴーすの姫アイドル','Comic_Market/C94/Twin%20Crew%20Star/01.%20%E3%82%89%E3%83%BC%E3%81%B0%E3%82%93%E3%81%B4%E3%83%BC%E3%81%99%E3%81%AE%E5%A7%AB%E3%82%A2%E3%82%A4%E3%83%89%E3%83%AB.mp3',12,1),(99,1,2,'バイト探しのリコリスちゃん','Comic_Market/C94/Twin%20Crew%20Star/02.%20%E3%83%90%E3%82%A4%E3%83%88%E6%8E%A2%E3%81%97%E3%81%AE%E3%83%AA%E3%82%B3%E3%83%AA%E3%82%B9%E3%81%A1%E3%82%83%E3%82%93.mp3',12,1),(100,1,3,'Tongue☆★Twi(n)-stars!!','Comic_Market/C94/Twin%20Crew%20Star/03.%20Tongue%E2%98%86%E2%98%85Twi%28n%29-stars%21%21.mp3',12,1),(101,1,4,'「あーん♡」で! chu!','Comic_Market/C94/Twin%20Crew%20Star/04.%20%E3%80%8C%E3%81%82%E3%83%BC%E3%82%93%E2%99%A1%E3%80%8D%E3%81%A7%21%20chu%21.mp3',12,1),(102,1,5,'どうして空はこんなに遠いんだろう？','Comic_Market/C94/Twin%20Crew%20Star/05.%20%E3%81%A9%E3%81%86%E3%81%97%E3%81%A6%E7%A9%BA%E3%81%AF%E3%81%93%E3%82%93%E3%81%AA%E3%81%AB%E9%81%A0%E3%81%84%E3%82%93%E3%81%A0%E3%82%8D%E3%81%86%EF%BC%9F.mp3',12,1),(103,1,6,'はちゃめちゃParty Days!','Comic_Market/C94/Twin%20Crew%20Star/06.%20%E3%81%AF%E3%81%A1%E3%82%83%E3%82%81%E3%81%A1%E3%82%83Party%20Days%21.mp3',12,1),(104,1,7,'トースト＆ラテ→王子様♡','Comic_Market/C94/Twin%20Crew%20Star/07.%20%E3%83%88%E3%83%BC%E3%82%B9%E3%83%88%EF%BC%86%E3%83%A9%E3%83%86%E2%86%92%E7%8E%8B%E5%AD%90%E6%A7%98%E2%99%A1.mp3',12,1),(105,1,8,'メルヘンティック・ショータイム','Comic_Market/C94/Twin%20Crew%20Star/08.%20%E3%83%A1%E3%83%AB%E3%83%98%E3%83%B3%E3%83%86%E3%82%A3%E3%83%83%E3%82%AF%E3%83%BB%E3%82%B7%E3%83%A7%E3%83%BC%E3%82%BF%E3%82%A4%E3%83%A0.mp3',12,1),(106,1,9,'jum! jum! JUMP!','Comic_Market/C94/Twin%20Crew%20Star/09.%20jum%21%20jum%21%20JUMP%21.mp3',12,1),(107,1,1,'CRITICAL MEGAREX','Comic_Market/C94/CRITICAL%20MEGAREX/01.%20CRITICAL%20MEGAREX.mp3',13,1),(108,1,2,'hype feat.Such (lapix Remix)','Comic_Market/C94/CRITICAL%20MEGAREX/02.%20hype%20feat.Such%20%28lapix%20Remix%29.mp3',13,1),(109,1,3,'Survivor feat.Kent Alexander (Mameyudoufu Remix)','Comic_Market/C94/CRITICAL%20MEGAREX/03.%20Survivor%20feat.Kent%20Alexander%20%28Mameyudoufu%20Remix%29.mp3',13,1),(110,1,4,'Crossroad feat.Luschel (PSYQUI Remix)','Comic_Market/C94/CRITICAL%20MEGAREX/04.%20Crossroad%20feat.Luschel%20%28PSYQUI%20Remix%29.mp3',13,1),(111,1,5,'Duality Rave (Zekk\'s \'FULL SPEC\' Remix)','Comic_Market/C94/CRITICAL%20MEGAREX/05.%20Duality%20Rave%20%28Zekk%27s%20%27FULL%20SPEC%27%20Remix%29.mp3',13,1),(112,1,6,'SORA feat.DJKatsuya (Srav3R Remix)','Comic_Market/C94/CRITICAL%20MEGAREX/06.%20SORA%20feat.DJKatsuya%20%28Srav3R%20Remix%29.mp3',13,1),(113,1,7,'blue love feat.YUC\'e (PSYQUI Remix)','Comic_Market/C94/CRITICAL%20MEGAREX/07.%20blue%20love%20feat.YUC%27e%20%28PSYQUI%20Remix%29.mp3',13,1),(114,1,8,'RavingAlright!!! (lapix Remix)','Comic_Market/C94/CRITICAL%20MEGAREX/08.%20RavingAlright%21%21%21%20%28lapix%20Remix%29.mp3',13,1),(115,1,9,'ダークナイト (lapix Remix)','Comic_Market/C94/CRITICAL%20MEGAREX/09.%20%E3%83%80%E3%83%BC%E3%82%AF%E3%83%8A%E3%82%A4%E3%83%88%20%28lapix%20Remix%29.mp3',13,1),(116,1,10,'BRAND NEW DAY feat.Numb\'n\'dub (DJShimamura Remix)','Comic_Market/C94/CRITICAL%20MEGAREX/10.%20BRAND%20NEW%20DAY%20feat.Numb%27n%27dub%20%28DJShimamura%20Remix%29.mp3',13,1),(117,1,11,'ありがとうさようなら (DJGENKI Remix)','Comic_Market/C94/CRITICAL%20MEGAREX/11.%20%E3%81%82%E3%82%8A%E3%81%8C%E3%81%A8%E3%81%86%E3%81%95%E3%82%88%E3%81%86%E3%81%AA%E3%82%89%20%28DJGENKI%20Remix%29.mp3',13,1),(118,1,1,'Start up feat. Such','Comic_Market/C94/Your%20voice%20so.../01.%20Start%20up%20feat.%20Such.mp3',14,1),(119,1,2,'Be There','Comic_Market/C94/Your%20voice%20so.../02.%20Be%20There.mp3',14,1),(120,1,3,'Your voice so... feat. Such','Comic_Market/C94/Your%20voice%20so.../03.%20Your%20voice%20so...%20feat.%20Such.mp3',14,1),(121,1,4,'Nervousness','Comic_Market/C94/Your%20voice%20so.../04.%20Nervousness.mp3',14,1),(122,1,5,'Heartbeat','Comic_Market/C94/Your%20voice%20so.../05.%20Heartbeat.mp3',14,1),(123,1,6,'Turn it up','Comic_Market/C94/Your%20voice%20so.../06.%20Turn%20it%20up.mp3',14,1),(124,1,7,'concentration','Comic_Market/C94/Your%20voice%20so.../07.%20concentration.mp3',14,1),(125,1,8,'Tears','Comic_Market/C94/Your%20voice%20so.../08.%20Tears.mp3',14,1),(126,1,9,'inside of me','Comic_Market/C94/Your%20voice%20so.../09.%20inside%20of%20me.mp3',14,1),(127,1,10,'ヒカリの方へ feat. Such (Awakening)','Comic_Market/C94/Your%20voice%20so.../10.%20%E3%83%92%E3%82%AB%E3%83%AA%E3%81%AE%E6%96%B9%E3%81%B8%20feat.%20Such%20%28Awakening%29.mp3',14,1),(128,1,1,'feel feat. mami','Comic_Market/C94/SPD%20GAR/Disc%201/01.%20feel%20feat.%20mami.mp3',15,1),(129,1,2,'All Night Long feat. EVO+','Comic_Market/C94/SPD%20GAR/Disc%201/02.%20All%20Night%20Long%20feat.%20EVO%2B.mp3',15,1),(130,1,3,'Day by Day feat. Nicole Curry','Comic_Market/C94/SPD%20GAR/Disc%201/03.%20Day%20by%20Day%20feat.%20Nicole%20Curry.mp3',15,1),(131,1,4,'Don\'t you want me feat. Such','Comic_Market/C94/SPD%20GAR/Disc%201/04.%20Don%27t%20you%20want%20me%20feat.%20Such.mp3',15,1),(132,1,5,'Falling Down feat. Renko × TRI△NGLE','Comic_Market/C94/SPD%20GAR/Disc%201/05.%20Falling%20Down%20feat.%20Renko%20%C3%97%20TRI%E2%96%B3NGLE.mp3',15,1),(133,1,6,'Night Fog feat. Luschel','Comic_Market/C94/SPD%20GAR/Disc%201/06.%20Night%20Fog%20feat.%20Luschel.mp3',15,1),(134,1,7,'DreaMilk tea feat. Yukacco','Comic_Market/C94/SPD%20GAR/Disc%201/07.%20DreaMilk%20tea%20feat.%20Yukacco.mp3',15,1),(135,1,8,'GOURMET RACE','Comic_Market/C94/SPD%20GAR/Disc%201/08.%20GOURMET%20RACE.mp3',15,1),(136,1,9,'Universe feat. Nicole Curry','Comic_Market/C94/SPD%20GAR/Disc%201/09.%20Universe%20feat.%20Nicole%20Curry.mp3',15,1),(137,1,10,'It\'s gonna be alright feat. Shully','Comic_Market/C94/SPD%20GAR/Disc%201/10.%20It%27s%20gonna%20be%20alright%20feat.%20Shully.mp3',15,1),(138,1,11,'Blue Love ft. YUC\'e (Speed Garage Mix)','Comic_Market/C94/SPD%20GAR/Disc%201/11.%20Blue%20Love%20ft.%20YUC%27e%20%28Speed%20Garage%20Mix%29.mp3',15,1),(139,1,12,'Sunny After Rain feat. Kanata.N','Comic_Market/C94/SPD%20GAR/Disc%201/12.%20Sunny%20After%20Rain%20feat.%20Kanata.N.mp3',15,1),(140,1,13,'Stray cat','Comic_Market/C94/SPD%20GAR/Disc%201/13.%20Stray%20cat.mp3',15,1),(141,1,14,'Midnight grow feat.mami','Comic_Market/C94/SPD%20GAR/Disc%201/14.%20Midnight%20grow%20feat.mami.mp3',15,1),(142,2,1,'SPD GAR (DJ WILDPARTY Special DJ Mix)','Comic_Market/C94/SPD%20GAR/Disc%202/01.%20SPD%20GAR%20%28DJ%20WILDPARTY%20Special%20DJ%20Mix%29.mp3',15,1),(143,1,1,'Co1ossus','Comic_Market/C94/New%20Invoke%20vol.1/01.%20Co1ossus.mp3',16,1),(144,1,2,'Supercharged','Comic_Market/C94/New%20Invoke%20vol.1/02.%20Supercharged.mp3',16,1),(145,1,3,'Bring The Beat','Comic_Market/C94/New%20Invoke%20vol.1/03.%20Bring%20The%20Beat.mp3',16,1),(146,1,4,'Donk Machine','Comic_Market/C94/New%20Invoke%20vol.1/04.%20Donk%20Machine.mp3',16,1),(147,1,5,'G-Street','Comic_Market/C94/New%20Invoke%20vol.1/05.%20G-Street.mp3',16,1),(148,1,6,'Don\'t Ever Stop','Comic_Market/C94/New%20Invoke%20vol.1/06.%20Don%27t%20Ever%20Stop.mp3',16,1),(149,1,7,'Your Love','Comic_Market/C94/New%20Invoke%20vol.1/07.%20Your%20Love.mp3',16,1),(150,1,8,'City Jack','Comic_Market/C94/New%20Invoke%20vol.1/08.%20City%20Jack.mp3',16,1),(151,1,9,'Raver Boy','Comic_Market/C94/New%20Invoke%20vol.1/09.%20Raver%20Boy.mp3',16,1),(152,1,10,'Into the Inferno','Comic_Market/C94/New%20Invoke%20vol.1/10.%20Into%20the%20Inferno.mp3',16,1),(153,1,11,'Illumination','Comic_Market/C94/New%20Invoke%20vol.1/11.%20Illumination.mp3',16,1),(154,1,1,'Boot Sequence','Comic_Market/C94/HYPERSYNTHETIC/01.%20Boot%20Sequence.mp3',17,1),(155,1,2,'HYPERSYNTHETIC','Comic_Market/C94/HYPERSYNTHETIC/02.%20HYPERSYNTHETIC.mp3',17,1),(156,1,3,'Come to me','Comic_Market/C94/HYPERSYNTHETIC/03.%20Come%20to%20me.mp3',17,1),(157,1,4,'Ether Strike','Comic_Market/C94/HYPERSYNTHETIC/04.%20Ether%20Strike.mp3',17,1),(158,1,5,'Show Me How (Defsharp Remix)','Comic_Market/C94/HYPERSYNTHETIC/05.%20Show%20Me%20How%20%28Defsharp%20Remix%29.mp3',17,1),(159,1,6,'message within the rift (Arcien Remix)','Comic_Market/C94/HYPERSYNTHETIC/06.%20message%20within%20the%20rift%20%28Arcien%20Remix%29.mp3',17,1),(160,1,1,'Our Wrenally (Uncut Edition)','Comic_Market/C94/See%20you%20again%2C%20HOLLOWood/01.%20Our%20Wrenally%20%28Uncut%20Edition%29.mp3',18,1),(161,1,2,'illanai-assorted','Comic_Market/C94/See%20you%20again%2C%20HOLLOWood/02.%20illanai-assorted.mp3',18,1),(162,1,3,'Sick-Hack','Comic_Market/C94/See%20you%20again%2C%20HOLLOWood/03.%20Sick-Hack.mp3',18,1),(163,1,4,'You are the Miserable (Uncut Edition)','Comic_Market/C94/See%20you%20again%2C%20HOLLOWood/04.%20You%20are%20the%20Miserable%20%28Uncut%20Edition%29.mp3',18,1),(164,1,5,'デナイアルミュトラ','Comic_Market/C94/See%20you%20again%2C%20HOLLOWood/05.%20%E3%83%87%E3%83%8A%E3%82%A4%E3%82%A2%E3%83%AB%E3%83%9F%E3%83%A5%E3%83%88%E3%83%A9.mp3',18,1),(165,1,6,'Marry me, Nightmare (Uncut Edition)','Comic_Market/C94/See%20you%20again%2C%20HOLLOWood/06.%20Marry%20me%2C%20Nightmare%20%28Uncut%20Edition%29.mp3',18,1),(166,1,7,'my Fault, your Fault, & her Fortune','Comic_Market/C94/See%20you%20again%2C%20HOLLOWood/07.%20my%20Fault%2C%20your%20Fault%2C%20%26%20her%20Fortune.mp3',18,1),(167,1,8,'Chrome VOX (Uncut Edition)','Comic_Market/C94/See%20you%20again%2C%20HOLLOWood/08.%20Chrome%20VOX%20%28Uncut%20Edition%29.mp3',18,1),(168,1,9,'Alone in the Starlight (with you)','Comic_Market/C94/See%20you%20again%2C%20HOLLOWood/09.%20Alone%20in%20the%20Starlight%20%28with%20you%29.mp3',18,1),(169,1,10,'Say Hello to HOLLOWood feat. 赤川ねね','Comic_Market/C94/See%20you%20again%2C%20HOLLOWood/10.%20Say%20Hello%20to%20HOLLOWood%20feat.%20%E8%B5%A4%E5%B7%9D%E3%81%AD%E3%81%AD.mp3',18,1),(170,1,11,'Chapter 99: Afterword','Comic_Market/C94/See%20you%20again%2C%20HOLLOWood/11.%20Chapter%2099%20Afterword.mp3',18,1),(171,1,12,'You are the Miserable (Laur Remix)','Comic_Market/C94/See%20you%20again%2C%20HOLLOWood/12.%20You%20are%20the%20Miserable%20%28Laur%20Remix%29.mp3',18,1),(172,1,13,'Chrome VOX (Taku Inoue Remix)','Comic_Market/C94/See%20you%20again%2C%20HOLLOWood/13.%20Chrome%20VOX%20%28Taku%20Inoue%20Remix%29.mp3',18,1),(173,1,1,'It\'s Show Time!!','Comic_Market/C94/mow%21%20mow%21%21%20mow%21%21%21/01.%20It%27s%20Show%20Time%21%21.mp3',19,1),(174,1,2,'BOOM! BOOM!! BOOM!!!?-One More Turn MIX-','Comic_Market/C94/mow%21%20mow%21%21%20mow%21%21%21/02.%20BOOM%21%20BOOM%21%21%20BOOM%21%21%21_-One%20More%20Turn%20MIX-.mp3',19,1),(175,1,3,'Make Some Fxxkin Noise','Comic_Market/C94/mow%21%20mow%21%21%20mow%21%21%21/03.%20Make%20Some%20Fxxkin%20Noise.mp3',19,1),(176,1,4,'Lost Key -2018 MIX-','Comic_Market/C94/mow%21%20mow%21%21%20mow%21%21%21/04.%20Lost%20Key%20-2018%20MIX-.mp3',19,1),(177,1,5,'Reflection -2018 MIX-','Comic_Market/C94/mow%21%20mow%21%21%20mow%21%21%21/05.%20Reflection%20-2018%20MIX-.mp3',19,1),(178,1,6,'Shooting Star','Comic_Market/C94/mow%21%20mow%21%21%20mow%21%21%21/06.%20Shooting%20Star.mp3',19,1),(179,1,7,'Ready Ready Steady Go','Comic_Market/C94/mow%21%20mow%21%21%20mow%21%21%21/07.%20Ready%20Ready%20Steady%20Go.mp3',19,1),(180,1,8,'Be MOre―|•◡•|―','Comic_Market/C94/mow%21%20mow%21%21%20mow%21%21%21/08.%20Be%20MOre%E2%80%95%E2%80%A2%E2%97%A1%E2%80%A2%E2%80%95.mp3',19,1),(181,1,9,'Summer Memory','Comic_Market/C94/mow%21%20mow%21%21%20mow%21%21%21/09.%20Summer%20Memory.mp3',19,1),(182,1,10,'ULTRA MIRACLE MAX HAPPY!!!','Comic_Market/C94/mow%21%20mow%21%21%20mow%21%21%21/10.%20ULTRA%20MIRACLE%20MAX%20HAPPY%21%21%21.mp3',19,1),(183,1,1,'gigadelic (Camellia\'s \"THE TERA\" Remix)','Comic_Market/C94/Camellia%20%22Remixes%22%20Summary%20%26%20VIPs%2002/01.%20gigadelic%20%28Camellia%27s%20%27%27THE%20TERA%27%27%20Remix%29.mp3',20,1),(184,1,2,'werewolf howls.','Comic_Market/C94/Camellia%20%22Remixes%22%20Summary%20%26%20VIPs%2002/02.%20werewolf%20howls..mp3',20,1),(185,1,3,'∀NOMALY (かめりあ\'s \"MUT∀TION\" Schranz Remix)','Comic_Market/C94/Camellia%20%22Remixes%22%20Summary%20%26%20VIPs%2002/03.%20%E2%88%80NOMALY%20%28%E3%81%8B%E3%82%81%E3%82%8A%E3%81%82%27s%20%27%27MUT%E2%88%80TION%27%27%20Schranz%20Remix%29.mp3',20,1),(186,1,4,'Workaholic (Camellia\'s \"C-ounterfait\" GlitchHop Remix) [2018VIP]','Comic_Market/C94/Camellia%20%22Remixes%22%20Summary%20%26%20VIPs%2002/04.%20Workaholic%20%28Camellia%27s%20%27%27C-ounterfait%27%27%20GlitchHop%20Remix%29%20%5B2018VIP%5D.mp3',20,1),(187,1,5,'fastest crash (かめりあ\'s \"paroxysmal\" Hitech Remix)','Comic_Market/C94/Camellia%20%22Remixes%22%20Summary%20%26%20VIPs%2002/05.%20fastest%20crash%20%28%E3%81%8B%E3%82%81%E3%82%8A%E3%81%82%27s%20%27%27paroxysmal%27%27%20Energetic%20Hitech%20Remix%29.mp3',20,1),(188,1,6,'WALKIE TORPEDO (Camellia\'s \"Type 65 Torpedo\" Remix) [2018VIP]','Comic_Market/C94/Camellia%20%22Remixes%22%20Summary%20%26%20VIPs%2002/06.%20WALKIE%20TORPEDO%20%28Camellia%27s%20%27%27Type%2065%20Torpedo%27%27%20Remix%29%20%5B2018VIP%5D.mp3',20,1),(189,1,7,'LET\'S JUMP (かめりあ\'s \"diffractive\" Hardcore Remix)','Comic_Market/C94/Camellia%20%22Remixes%22%20Summary%20%26%20VIPs%2002/07.%20LET%27S%20JUMP%20%28%E3%81%8B%E3%82%81%E3%82%8A%E3%81%82%27s%20%27%27diffractive%27%27%20Hardcore%20Remix%29.mp3',20,1),(190,1,8,'#FairyJoke #CAMELLIAS_CHAFFANDTWERKANDCORE_REMIX','Comic_Market/C94/Camellia%20%22Remixes%22%20Summary%20%26%20VIPs%2002/08.%20%23FairyJoke%20%23CAMELLIAS_CHAFFANDTWERKANDCORE_REMIX.mp3',20,1),(191,1,9,'δ:for the DELTA (かめりあ\'s \"PLANETARY//DUBSTEP\" Remix)','Comic_Market/C94/Camellia%20%22Remixes%22%20Summary%20%26%20VIPs%2002/09.%20%CE%B4-for%20the%20DELTA%20%28%E3%81%8B%E3%82%81%E3%82%8A%E3%81%82%27s%20%27%27PLANETARY%20DUBSTEP%27%27%20Remix%29.mp3',20,1),(192,1,10,'See you (Camellia\'s Farewell Remix) [2018VIP]','Comic_Market/C94/Camellia%20%22Remixes%22%20Summary%20%26%20VIPs%2002/10.%20See%20you%20%28Camellia%27s%20Farewell%20Remix%29%20%5B2018VIP%5D.mp3',20,1),(193,1,11,'Exit This Earth\'s Atomosphere (かめりあ\'s \"PLANETARY//200STEP\" Remix)','Comic_Market/C94/Camellia%20%22Remixes%22%20Summary%20%26%20VIPs%2002/11.%20Exit%20This%20Earth%27s%20Atomosphere%20%28%E3%81%8B%E3%82%81%E3%82%8A%E3%81%82%27s%20%27%27PLANETARY%20200STEP%27%27%20Remix%29.mp3',20,1),(194,1,12,'千本桜 (かめりあ\'s \"KAIKASENGEN\" Remix) [Uncut Version]','Comic_Market/C94/Camellia%20%22Remixes%22%20Summary%20%26%20VIPs%2002/12.%20%E5%8D%83%E6%9C%AC%E6%A1%9C%20%28%E3%81%8B%E3%82%81%E3%82%8A%E3%81%82%27s%20%27%27KAIKASENGEN%27%27%20Remix%29%20%5BUncut%20Version%5D.mp3',20,1),(195,1,13,'エナジー＊ドリン娘☆ふぇいんちゃん！ (かめりあ\'s \"MONSTERISTIC\" Dempa Machinegun Psystyle Remix)','Comic_Market/C94/Camellia%20%22Remixes%22%20Summary%20%26%20VIPs%2002/13.%20%20%E3%82%A8%E3%83%8A%E3%82%B8%E3%83%BC%EF%BC%8A%E3%83%89%E3%83%AA%E3%83%B3%E5%A8%98%E2%98%86%E3%81%B5%E3%81%87%E3%81%84%E3%82%93%E3%81%A1%E3%82%83%E3%82%93%EF%BC%81%20%28%E3%81%8B%E3%82%81%E3%82%8A%E3%81%82%27s%20%27%27MONSTERISTIC%27%27%20Dempa%20Machinegun%20Psystyle%20Remix%29.mp3',20,1),(196,1,14,'gigadelic (Camellia\'s \"THE TERA\" Remix) [\" 1012 \" Long ver.]','Comic_Market/C94/Camellia%20%22Remixes%22%20Summary%20%26%20VIPs%2002/14.%20gigadelic%20%28Camellia%27s%20%27%27THE%20TERA%27%27%20Remix%29%20%5B%27%27%201012%20%27%27%20Long%20ver.%5D.mp3',20,1),(197,1,15,'werewolf howls. [\"Growling\" Long ver.]','Comic_Market/C94/Camellia%20%22Remixes%22%20Summary%20%26%20VIPs%2002/15.%20werewolf%20howls.%20%5B%27%27Growling%27%27%20Long%20ver.%5D.mp3',20,1),(198,1,16,'Bonus Track : Jingle (Metal Arrange / Cover)','Comic_Market/C94/Camellia%20%22Remixes%22%20Summary%20%26%20VIPs%2002/16.%20Bonus%20Track%20Jingle%20%28Metal%20Arrange%20Cover%29.mp3',20,1),(199,1,1,'Intro','Comic_Market/C94/PLEiADES/01.%20Intro.mp3',21,1),(200,1,2,'Justice','Comic_Market/C94/PLEiADES/02.%20Justice.mp3',21,1),(201,1,3,'Sthenno','Comic_Market/C94/PLEiADES/03.%20Sthenno.mp3',21,1),(202,1,4,'ReIMEI','Comic_Market/C94/PLEiADES/04.%20ReIMEI.mp3',21,1),(203,1,5,'Astrum','Comic_Market/C94/PLEiADES/05.%20Astrum.mp3',21,1),(204,1,6,'Azalea','Comic_Market/C94/PLEiADES/06.%20Azalea.mp3',21,1),(205,1,7,'Vespera','Comic_Market/C94/PLEiADES/07.%20Vespera.mp3',21,1),(206,1,8,'Apsaras','Comic_Market/C94/PLEiADES/08.%20Apsaras.mp3',21,1),(207,1,9,'HELENA','Comic_Market/C94/PLEiADES/09.%20HELENA.mp3',21,1),(208,1,1,'Here','Comic_Market/C94/%E6%88%B4%E5%A4%A9%E3%83%9F%E3%82%BD%E3%83%AD%E3%82%B8%E3%82%A2/01.%20Here.mp3',22,1),(209,1,2,'天沼矛','Comic_Market/C94/%E6%88%B4%E5%A4%A9%E3%83%9F%E3%82%BD%E3%83%AD%E3%82%B8%E3%82%A2/02.%20%E5%A4%A9%E6%B2%BC%E7%9F%9B.mp3',22,1),(210,1,3,'Blasphemia','Comic_Market/C94/%E6%88%B4%E5%A4%A9%E3%83%9F%E3%82%BD%E3%83%AD%E3%82%B8%E3%82%A2/03.%20Blasphemia.mp3',22,1),(211,1,4,'Bhutesha','Comic_Market/C94/%E6%88%B4%E5%A4%A9%E3%83%9F%E3%82%BD%E3%83%AD%E3%82%B8%E3%82%A2/04.%20Bhutesha.mp3',22,1),(212,1,5,'Helix','Comic_Market/C94/%E6%88%B4%E5%A4%A9%E3%83%9F%E3%82%BD%E3%83%AD%E3%82%B8%E3%82%A2/05.%20Helix.mp3',22,1),(213,1,6,'Ragnarok','Comic_Market/C94/%E6%88%B4%E5%A4%A9%E3%83%9F%E3%82%BD%E3%83%AD%E3%82%B8%E3%82%A2/06.%20Ragnarok.mp3',22,1),(214,1,7,'Chain of Life','Comic_Market/C94/%E6%88%B4%E5%A4%A9%E3%83%9F%E3%82%BD%E3%83%AD%E3%82%B8%E3%82%A2/07.%20Chain%20of%20Life.mp3',22,1),(215,1,8,'Great Race of Yith','Comic_Market/C94/%E6%88%B4%E5%A4%A9%E3%83%9F%E3%82%BD%E3%83%AD%E3%82%B8%E3%82%A2/08.%20Great%20Race%20of%20Yith.mp3',22,1),(216,1,9,'D\'endrrah','Comic_Market/C94/%E6%88%B4%E5%A4%A9%E3%83%9F%E3%82%BD%E3%83%AD%E3%82%B8%E3%82%A2/09.%20D%27endrrah.mp3',22,1),(217,1,10,'愚か者の賢人論','Comic_Market/C94/%E6%88%B4%E5%A4%A9%E3%83%9F%E3%82%BD%E3%83%AD%E3%82%B8%E3%82%A2/10.%20%E6%84%9A%E3%81%8B%E8%80%85%E3%81%AE%E8%B3%A2%E4%BA%BA%E8%AB%96.mp3',22,1),(218,1,1,'White Rabbit','Comic_Market/C94/Blue%20Spectacle/01.%20White%20Rabbit.mp3',23,1),(219,1,2,'Scramble Trash','Comic_Market/C94/Blue%20Spectacle/02.%20Scramble%20Trash.mp3',23,1),(220,1,3,'Spinel','Comic_Market/C94/Blue%20Spectacle/03.%20Spinel.mp3',23,1),(221,1,4,'Little Journey','Comic_Market/C94/Blue%20Spectacle/04.%20Little%20Journey.mp3',23,1),(222,1,5,'4 Floor','Comic_Market/C94/Blue%20Spectacle/05.%204%20Floor.mp3',23,1),(223,1,6,'Rise and Set','Comic_Market/C94/Blue%20Spectacle/06.%20Rise%20and%20Set.mp3',23,1),(224,1,7,'Nostalgic Road','Comic_Market/C94/Blue%20Spectacle/07.%20Nostalgic%20Road.mp3',23,1),(225,1,8,'Rise and Set (LAZ Remix)','Comic_Market/C94/Blue%20Spectacle/08.%20Rise%20and%20Set%20%28LAZ%20Remix%29.mp3',23,1),(226,1,1,'Summer Night feat. Kanae Asaba (DJ Noriken Remix)','Comic_Market/C94/Polyphonix%20Remixies%20Collection/01.%20Summer%20Night%20feat.%20Kanae%20Asaba%20%28DJ%20Noriken%20Remix%29.mp3',24,1),(227,1,2,'vivid impression feat. Yukacco (sakuramodki Remix)','Comic_Market/C94/Polyphonix%20Remixies%20Collection/02.%20vivid%20impression%20feat.%20Yukacco%20%28sakuramodki%20Remix%29.mp3',24,1),(228,1,3,'dynamite (ALR Remix)','Comic_Market/C94/Polyphonix%20Remixies%20Collection/03.%20dynamite%20%28ALR%20Remix%29.mp3',24,1),(229,1,4,'dancin\' (Nhato Remix)','Comic_Market/C94/Polyphonix%20Remixies%20Collection/04.%20dancin%27%20%28Nhato%20Remix%29.mp3',24,1),(230,1,5,'Blossom feat. Kanae Asaba (DJ Genki Remix)','Comic_Market/C94/Polyphonix%20Remixies%20Collection/05.%20Blossom%20feat.%20Kanae%20Asaba%20%28DJ%20Genki%20Remix%29.mp3',24,1),(231,1,6,'re:vision feat. mana (Rin Remix)','Comic_Market/C94/Polyphonix%20Remixies%20Collection/06.%20re%20vision%20feat.%20mana%20%28Rin%20Remix%29.mp3',24,1),(232,1,7,'The Way You Groove feat. Kanae Asaba (Yooh Remix)','Comic_Market/C94/Polyphonix%20Remixies%20Collection/07.%20The%20Way%20You%20Groove%20feat.%20Kanae%20Asaba%20%28Yooh%20Remix%29.mp3',24,1),(233,1,8,'Tunin\' To Your Mind feat. mana (ginkiha Remix)','Comic_Market/C94/Polyphonix%20Remixies%20Collection/08.%20Tunin%27%20To%20Your%20Mind%20feat.%20mana%20%28ginkiha%20Remix%29.mp3',24,1),(234,1,9,'Go (nora2r Remix)','Comic_Market/C94/Polyphonix%20Remixies%20Collection/09.%20Go%20%28nora2r%20Remix%29.mp3',24,1),(235,1,10,'I Believe feat. Kanae Asaba,mana (DJ Dean & DJ T.H. Remix)','Comic_Market/C94/Polyphonix%20Remixies%20Collection/10.%20I%20Believe%20feat.%20Kanae%20Asaba%2Cmana%20%28DJ%20Dean%20%26%20DJ%20T.H.%20Remix%29.mp3',24,1),(236,1,11,'Polyphonix Remixes Collection Special Nonstop Mix','Comic_Market/C94/Polyphonix%20Remixies%20Collection/11.%20Polyphonix%20Remixes%20Collection%20Special%20Nonstop%20Mix.mp3',24,1),(237,1,1,'メインテーマ - 祭祀壱 -','Comic_Market/C94/cuteness%20overload/01.%20%E3%83%A1%E3%82%A4%E3%83%B3%E3%83%86%E3%83%BC%E3%83%9E%20-%20%E7%A5%AD%E7%A5%80%E5%A3%B1%20-.mp3',25,1),(238,1,2,'サンディエゴ is No1！ - 祭祀弐 -','Comic_Market/C94/cuteness%20overload/02.%20%E3%82%B5%E3%83%B3%E3%83%87%E3%82%A3%E3%82%A8%E3%82%B4%20is%20No1%EF%BC%81%20-%20%E7%A5%AD%E7%A5%80%E5%BC%90%20-.mp3',25,1),(239,1,3,'海と母港と - 祭祀参 -','Comic_Market/C94/cuteness%20overload/03.%20%E6%B5%B7%E3%81%A8%E6%AF%8D%E6%B8%AF%E3%81%A8%20-%20%E7%A5%AD%E7%A5%80%E5%8F%82%20-.mp3',25,1),(240,1,4,'ティルピッツ - 祭祀肆 -','Comic_Market/C94/cuteness%20overload/04.%20%E3%83%86%E3%82%A3%E3%83%AB%E3%83%94%E3%83%83%E3%83%84%20-%20%E7%A5%AD%E7%A5%80%E8%82%86%20-.mp3',25,1),(241,1,5,'母港新年 - 祭祀伍 -','Comic_Market/C94/cuteness%20overload/05.%20%E6%AF%8D%E6%B8%AF%E6%96%B0%E5%B9%B4%20-%20%E7%A5%AD%E7%A5%80%E4%BC%8D%20-.mp3',25,1),(242,1,6,'春節 - 祭祀陸 -','Comic_Market/C94/cuteness%20overload/06.%20%E6%98%A5%E7%AF%80%20-%20%E7%A5%AD%E7%A5%80%E9%99%B8%20-.mp3',25,1),(243,1,7,'ピュリファイアー - 祭祀漆 -','Comic_Market/C94/cuteness%20overload/07.%20%E3%83%94%E3%83%A5%E3%83%AA%E3%83%95%E3%82%A1%E3%82%A4%E3%82%A2%E3%83%BC%20-%20%E7%A5%AD%E7%A5%80%E6%BC%86%20-.mp3',25,1),(244,1,8,'夕立 - 祭祀捌 -','Comic_Market/C94/cuteness%20overload/08.%20%E5%A4%95%E7%AB%8B%20-%20%E7%A5%AD%E7%A5%80%E6%8D%8C%20-.mp3',25,1),(245,1,9,'紅染ノ母港 - 祭祀玖 -','Comic_Market/C94/cuteness%20overload/09.%20%E7%B4%85%E6%9F%93%E3%83%8E%E6%AF%8D%E6%B8%AF%20-%20%E7%A5%AD%E7%A5%80%E7%8E%96%20-.mp3',25,1),(246,1,10,'シャルンホスト - 祭祀拾 -','Comic_Market/C94/cuteness%20overload/10.%20%E3%82%B7%E3%83%A3%E3%83%AB%E3%83%B3%E3%83%9B%E3%82%B9%E3%83%88%20-%20%E7%A5%AD%E7%A5%80%E6%8B%BE%20-.mp3',25,1),(247,1,1,'ZED','Comic_Market/C94/USAO%20ULTIMATE%20HYPER%20BEST/Disc%201/01.%20ZED.mp3',26,1),(248,1,2,'The Commanders (Extended Mix)','Comic_Market/C94/USAO%20ULTIMATE%20HYPER%20BEST/Disc%201/02.%20The%20Commanders%20%28Extended%20Mix%29.mp3',26,1),(249,1,3,'Hastur (Extended Mix)','Comic_Market/C94/USAO%20ULTIMATE%20HYPER%20BEST/Disc%201/03.%20Hastur%20%28Extended%20Mix%29.mp3',26,1),(250,1,4,'invoker','Comic_Market/C94/USAO%20ULTIMATE%20HYPER%20BEST/Disc%201/04.%20invoker.mp3',26,1),(251,1,5,'Night sky (Extended Mix)','Comic_Market/C94/USAO%20ULTIMATE%20HYPER%20BEST/Disc%201/05.%20Night%20sky%20%28Extended%20Mix%29.mp3',26,1),(252,1,6,'Boss Rush (Extended Mix)','Comic_Market/C94/USAO%20ULTIMATE%20HYPER%20BEST/Disc%201/06.%20Boss%20Rush%20%28Extended%20Mix%29.mp3',26,1),(253,1,7,'Outbreak','Comic_Market/C94/USAO%20ULTIMATE%20HYPER%20BEST/Disc%201/07.%20Outbreak.mp3',26,1),(254,1,8,'Dynamite','Comic_Market/C94/USAO%20ULTIMATE%20HYPER%20BEST/Disc%201/08.%20Dynamite.mp3',26,1),(255,1,9,'BroGamer (Extended Mix)','Comic_Market/C94/USAO%20ULTIMATE%20HYPER%20BEST/Disc%201/09.%20BroGamer%20%28Extended%20Mix%29.mp3',26,1),(256,1,10,'Miracle 5ympho X (Extended Mix)','Comic_Market/C94/USAO%20ULTIMATE%20HYPER%20BEST/Disc%201/10.%20Miracle%205ympho%20X%20%28Extended%20Mix%29.mp3',26,1),(257,1,11,'USAO ULTIMATE HYPER MEGA MIX','Comic_Market/C94/USAO%20ULTIMATE%20HYPER%20BEST/Disc%201/11.%20USAO%20ULTIMATE%20HYPER%20MEGA%20MIX.mp3',26,1),(258,2,1,'ZED (REDALiCE Remix)','Comic_Market/C94/USAO%20ULTIMATE%20HYPER%20BEST/Disc%202/01.%20ZED%20%28REDALiCE%20Remix%29.mp3',26,1),(259,2,2,'The Commanders (Massive New Krew Remix)','Comic_Market/C94/USAO%20ULTIMATE%20HYPER%20BEST/Disc%202/02.%20The%20Commanders%20%28Massive%20New%20Krew%20Remix%29.mp3',26,1),(260,2,3,'Hastur (lapix Remix)','Comic_Market/C94/USAO%20ULTIMATE%20HYPER%20BEST/Disc%202/03.%20Hastur%20%28lapix%20Remix%29.mp3',26,1),(261,2,4,'invoker (The Requiem\'s Gram Remix)','Comic_Market/C94/USAO%20ULTIMATE%20HYPER%20BEST/Disc%202/04.%20invoker%20%28The%20Requiem%27s%20Gram%20Remix%29.mp3',26,1),(262,2,5,'Night sky (aran Remix)','Comic_Market/C94/USAO%20ULTIMATE%20HYPER%20BEST/Disc%202/05.%20Night%20sky%20%28aran%20Remix%29.mp3',26,1),(263,2,6,'Boss Rush (DJ Noriken Remix)','Comic_Market/C94/USAO%20ULTIMATE%20HYPER%20BEST/Disc%202/06.%20Boss%20Rush%20%28DJ%20Noriken%20Remix%29.mp3',26,1),(264,2,7,'Outbreak (P*Light & DJ Myosuke Remix)','Comic_Market/C94/USAO%20ULTIMATE%20HYPER%20BEST/Disc%202/07.%20Outbreak%20%28PxLight%20%26%20DJ%20Myosuke%20Remix%29.mp3',26,1),(265,2,8,'Dynamite (Camellia\'s MACHO TNT REMIX)','Comic_Market/C94/USAO%20ULTIMATE%20HYPER%20BEST/Disc%202/08.%20Dynamite%20%28Camellia%27s%20MACHO%20TNT%20REMIX%29.mp3',26,1),(266,2,9,'BroGamer (tpz Overheat Remix)','Comic_Market/C94/USAO%20ULTIMATE%20HYPER%20BEST/Disc%202/09.%20BroGamer%20%28tpz%20Overheat%20Remix%29.mp3',26,1),(267,2,10,'Miracle Sympho X (Kobaryo\'s FTN-Remix)','Comic_Market/C94/USAO%20ULTIMATE%20HYPER%20BEST/Disc%202/10.%20Miracle%20Sympho%20X%20%28Kobaryo%27s%20FTN-Remix%29.mp3',26,1),(268,1,1,'INTO THE LIGHT (Nhato Remix)','Comic_Market/C94/COLORS%20-%20AD%3AHOUSE%20VOCAL%20REMIXES-/01.%20INTO%20THE%20LIGHT%20%28Nhato%20Remix%29.mp3',27,1),(269,1,2,'BANG! (lapix Garage Remix)','Comic_Market/C94/COLORS%20-%20AD%3AHOUSE%20VOCAL%20REMIXES-/02.%20BANG%21%20%28lapix%20Garage%20Remix%29.mp3',27,1),(270,1,3,'dreamland (EmoCo Remix)','Comic_Market/C94/COLORS%20-%20AD%3AHOUSE%20VOCAL%20REMIXES-/03.%20dreamland%20%28EmoCo%20Remix%29.mp3',27,1),(271,1,4,'Chase The Stars (Taishi Remix)','Comic_Market/C94/COLORS%20-%20AD%3AHOUSE%20VOCAL%20REMIXES-/04%20.Chase%20The%20Stars%20%28Taishi%20Remix%29.mp3',27,1),(272,1,5,'What You Are (Sakuzyo Remix)','Comic_Market/C94/COLORS%20-%20AD%3AHOUSE%20VOCAL%20REMIXES-/05.%20What%20You%20Are%20%28Sakuzyo%20Remix%29.mp3',27,1),(273,1,6,'Someday (callasoiled Remix)','Comic_Market/C94/COLORS%20-%20AD%3AHOUSE%20VOCAL%20REMIXES-/06.%20Someday%20%28callasoiled%20Remix%29.mp3',27,1),(274,1,7,'Shine (Scarfaith Remix)','Comic_Market/C94/COLORS%20-%20AD%3AHOUSE%20VOCAL%20REMIXES-/07.%20Shine%20%28Scarfaith%20Remix%29.mp3',27,1),(275,1,8,'Indigo Coral (BlackY Remix)','Comic_Market/C94/COLORS%20-%20AD%3AHOUSE%20VOCAL%20REMIXES-/08.%20Indigo%20Coral%20%28BlackY%20Remix%29.mp3',27,1),(276,1,9,'Precious Dream (Ryunosuke Kudo Remix)','Comic_Market/C94/COLORS%20-%20AD%3AHOUSE%20VOCAL%20REMIXES-/09.%20Precious%20Dream%20%28Ryunosuke%20Kudo%20Remix%29.mp3',27,1),(277,1,10,'Secret Love (aran Remix)','Comic_Market/C94/COLORS%20-%20AD%3AHOUSE%20VOCAL%20REMIXES-/10.%20Secret%20Love%20%28aran%20Remix%29.mp3',27,1),(278,1,11,'Clear Memories (NITE SYSTEM Remix)','Comic_Market/C94/COLORS%20-%20AD%3AHOUSE%20VOCAL%20REMIXES-/11.%20Clear%20Memories%20%28NITE%20SYSTEM%20Remix%29.mp3',27,1),(279,1,1,'youwerehere','Comic_Market/C94/Mazy%20Nightbright/01.%20youwerehere.mp3',28,1),(280,1,2,'Portal','Comic_Market/C94/Mazy%20Nightbright/02.%20Portal.mp3',28,1),(281,1,3,'out of my league','Comic_Market/C94/Mazy%20Nightbright/03.%20out%20of%20my%20league.mp3',28,1),(282,1,4,'fluorescence','Comic_Market/C94/Mazy%20Nightbright/04.%20fluorescence.mp3',28,1),(283,1,5,'Fading City','Comic_Market/C94/Mazy%20Nightbright/05.%20Fading%20City.mp3',28,1),(284,1,6,'Lean','Comic_Market/C94/Mazy%20Nightbright/06.%20Lean.mp3',28,1),(285,1,7,'insane','Comic_Market/C94/Mazy%20Nightbright/07.%20insane.mp3',28,1),(286,1,8,'Ametrine','Comic_Market/C94/Mazy%20Nightbright/08.%20Ametrine.mp3',28,1),(287,1,9,'Ray','Comic_Market/C94/Mazy%20Nightbright/09.%20Ray.mp3',28,1),(288,1,10,'Hyperplasia','Comic_Market/C94/Mazy%20Nightbright/10.%20Hyperplasia.mp3',28,1),(289,1,11,'The Rain','Comic_Market/C94/Mazy%20Nightbright/11.%20The%20Rain.mp3',28,1),(290,1,1,'Obliteration','Comic_Market/C94/Driven%27%20De%3Ast-ructure%208/01.%20Obliteration.mp3',29,1),(291,1,2,'Aadhi','Comic_Market/C94/Driven%27%20De%3Ast-ructure%208/02.%20Aadhi.mp3',29,1),(292,1,3,'Halftime+','Comic_Market/C94/Driven%27%20De%3Ast-ructure%208/03.%20Halftime%2B.mp3',29,1),(293,1,4,'Be Alright','Comic_Market/C94/Driven%27%20De%3Ast-ructure%208/04.%20Be%20Alright.mp3',29,1),(294,1,5,'Purple Haze','Comic_Market/C94/Driven%27%20De%3Ast-ructure%208/05.%20Purple%20Haze.mp3',29,1),(295,1,6,'Move Me','Comic_Market/C94/Driven%27%20De%3Ast-ructure%208/06.%20Move%20Me.mp3',29,1),(296,1,7,'Ground Quake','Comic_Market/C94/Driven%27%20De%3Ast-ructure%208/07.%20Ground%20Quake.mp3',29,1),(297,1,8,'Bad Battalion','Comic_Market/C94/Driven%27%20De%3Ast-ructure%208/08.%20Bad%20Battalion.mp3',29,1),(298,1,9,'HOROBI','Comic_Market/C94/Driven%27%20De%3Ast-ructure%208/09.%20HOROBI.mp3',29,1),(299,1,10,'Cloud Swarm','Comic_Market/C94/Driven%27%20De%3Ast-ructure%208/10.%20Cloud%20Swarm.mp3',29,1),(300,1,1,'House Baby House (Happy Handbag Flava Mix)','Comic_Market/C94/JP-H/D%20%237/01.%20House%20Baby%20House%20%28Happy%20Handbag%20Flava%20Mix%29.mp3',30,1),(301,1,2,'Virgo','Comic_Market/C94/JP-H/D%20%237/02.%20Virgo.mp3',30,1),(302,1,3,'Rollercoaster(Original Mix)','Comic_Market/C94/JP-H/D%20%237/03.%20Rollercoaster%28Original%20Mix%29.mp3',30,1),(303,1,4,'Monsta','Comic_Market/C94/JP-H/D%20%237/04.%20Monsta.mp3',30,1),(304,1,5,'Nexus','Comic_Market/C94/JP-H/D%20%237/05.%20Nexus.mp3',30,1),(305,1,6,'Fake Me Higher','Comic_Market/C94/JP-H/D%20%237/06.%20Fake%20Me%20Higher.mp3',30,1),(306,1,7,'Boosted Village','Comic_Market/C94/JP-H/D%20%237/07.%20Boosted%20Village.mp3',30,1),(307,1,8,'the RED','Comic_Market/C94/JP-H/D%20%237/08.%20the%20RED.mp3',30,1),(308,1,9,'read me wrong','Comic_Market/C94/JP-H/D%20%237/09.%20read%20me%20wrong.mp3',30,1),(309,1,10,'Just Do It!','Comic_Market/C94/JP-H/D%20%237/10.%20Just%20Do%20It%21.mp3',30,1),(310,1,11,'Adrenalize','Comic_Market/C94/JP-H/D%20%237/11.%20Adrenalize.mp3',30,1),(311,1,1,'おはようせかい２','Comic_Market/C94/cosMo%40%E6%9A%B4%E8%B5%B0P%E3%82%A4%E3%83%B3%E3%82%B9%E3%83%88%E3%82%B3%E3%83%AC%E3%82%AF%E3%82%B7%E3%83%A7%E3%83%B3%20vol.2/01.%20%E3%81%8A%E3%81%AF%E3%82%88%E3%81%86%E3%81%9B%E3%81%8B%E3%81%84%EF%BC%92.mp3',31,1),(312,1,2,'新世界','Comic_Market/C94/cosMo%40%E6%9A%B4%E8%B5%B0P%E3%82%A4%E3%83%B3%E3%82%B9%E3%83%88%E3%82%B3%E3%83%AC%E3%82%AF%E3%82%B7%E3%83%A7%E3%83%B3%20vol.2/02.%20%E6%96%B0%E4%B8%96%E7%95%8C.mp3',31,1),(313,1,3,'GammaRay Burst','Comic_Market/C94/cosMo%40%E6%9A%B4%E8%B5%B0P%E3%82%A4%E3%83%B3%E3%82%B9%E3%83%88%E3%82%B3%E3%83%AC%E3%82%AF%E3%82%B7%E3%83%A7%E3%83%B3%20vol.2/03.%20GammaRay%20Burst.mp3',31,1),(314,1,4,'Aurora Requiem','Comic_Market/C94/cosMo%40%E6%9A%B4%E8%B5%B0P%E3%82%A4%E3%83%B3%E3%82%B9%E3%83%88%E3%82%B3%E3%83%AC%E3%82%AF%E3%82%B7%E3%83%A7%E3%83%B3%20vol.2/04.%20Aurora%20Requiem.mp3',31,1),(315,1,5,'ほしのたいどう','Comic_Market/C94/cosMo%40%E6%9A%B4%E8%B5%B0P%E3%82%A4%E3%83%B3%E3%82%B9%E3%83%88%E3%82%B3%E3%83%AC%E3%82%AF%E3%82%B7%E3%83%A7%E3%83%B3%20vol.2/05.%20%E3%81%BB%E3%81%97%E3%81%AE%E3%81%9F%E3%81%84%E3%81%A9%E3%81%86.mp3',31,1),(316,1,6,'WalpurgisNacht','Comic_Market/C94/cosMo%40%E6%9A%B4%E8%B5%B0P%E3%82%A4%E3%83%B3%E3%82%B9%E3%83%88%E3%82%B3%E3%83%AC%E3%82%AF%E3%82%B7%E3%83%A7%E3%83%B3%20vol.2/06.%20WalpurgisNacht.mp3',31,1),(317,1,7,'Veauty and Violence','Comic_Market/C94/cosMo%40%E6%9A%B4%E8%B5%B0P%E3%82%A4%E3%83%B3%E3%82%B9%E3%83%88%E3%82%B3%E3%83%AC%E3%82%AF%E3%82%B7%E3%83%A7%E3%83%B3%20vol.2/07.%20Veauty%20and%20Violence.mp3',31,1),(318,1,8,'NOIZY GUARDIAN','Comic_Market/C94/cosMo%40%E6%9A%B4%E8%B5%B0P%E3%82%A4%E3%83%B3%E3%82%B9%E3%83%88%E3%82%B3%E3%83%AC%E3%82%AF%E3%82%B7%E3%83%A7%E3%83%B3%20vol.2/08.%20NOIZY%20GUARDIAN.mp3',31,1),(319,1,9,'ねぇ、壊れタ人形ハ何処へ棄テらレるノ？ Extend version','Comic_Market/C94/cosMo%40%E6%9A%B4%E8%B5%B0P%E3%82%A4%E3%83%B3%E3%82%B9%E3%83%88%E3%82%B3%E3%83%AC%E3%82%AF%E3%82%B7%E3%83%A7%E3%83%B3%20vol.2/09.%20%E3%81%AD%E3%81%87%E3%80%81%E5%A3%8A%E3%82%8C%E3%82%BF%E4%BA%BA%E5%BD%A2%E3%83%8F%E4%BD%95%E5%87%A6%E3%81%B8%E6%A3%84%E3%83%86%E3%82%89%E3%83%AC%E3%82%8B%E3%83%8E%EF%BC%9F%20Extend%20version.mp3',31,1),(320,1,10,'ULTiMATE INFLATiON Extend version','Comic_Market/C94/cosMo%40%E6%9A%B4%E8%B5%B0P%E3%82%A4%E3%83%B3%E3%82%B9%E3%83%88%E3%82%B3%E3%83%AC%E3%82%AF%E3%82%B7%E3%83%A7%E3%83%B3%20vol.2/10.%20ULTiMATE%20INFLATiON%20Extend%20version.mp3',31,1),(321,1,11,'ダンガンノーツ Extend version','Comic_Market/C94/cosMo%40%E6%9A%B4%E8%B5%B0P%E3%82%A4%E3%83%B3%E3%82%B9%E3%83%88%E3%82%B3%E3%83%AC%E3%82%AF%E3%82%B7%E3%83%A7%E3%83%B3%20vol.2/11.%20%E3%83%80%E3%83%B3%E3%82%AC%E3%83%B3%E3%83%8E%E3%83%BC%E3%83%84%20Extend%20version.mp3',31,1),(322,1,12,'おやすみせかい２','Comic_Market/C94/cosMo%40%E6%9A%B4%E8%B5%B0P%E3%82%A4%E3%83%B3%E3%82%B9%E3%83%88%E3%82%B3%E3%83%AC%E3%82%AF%E3%82%B7%E3%83%A7%E3%83%B3%20vol.2/12.%20%E3%81%8A%E3%82%84%E3%81%99%E3%81%BF%E3%81%9B%E3%81%8B%E3%81%84%EF%BC%92.mp3',31,1),(323,1,1,'L\'cMM','Comic_Market/C94/WAVES/Disc%201/01.%20L%27cMM.mp3',32,1),(324,1,2,'3ssence','Comic_Market/C94/WAVES/Disc%201/02.%203ssence.mp3',32,1),(325,1,3,'Colosseum','Comic_Market/C94/WAVES/Disc%201/03.%20Colosseum.mp3',32,1),(326,1,4,'Still in love','Comic_Market/C94/WAVES/Disc%201/04.%20Still%20in%20love.mp3',32,1),(327,1,5,'Hands Up','Comic_Market/C94/WAVES/Disc%201/05.%20Hands%20Up.mp3',32,1),(328,1,6,'Shamash','Comic_Market/C94/WAVES/Disc%201/06.%20Shamash.mp3',32,1),(329,1,7,'arbitrator\'s manner','Comic_Market/C94/WAVES/Disc%201/07.%20arbitrator%27s%20manner.mp3',32,1),(330,1,8,'Do what u wanna do ','Comic_Market/C94/WAVES/Disc%201/08.%20Do%20what%20u%20wanna%20do.mp3',32,1),(331,1,9,'Halcion','Comic_Market/C94/WAVES/Disc%201/09.%20Halcion.mp3',32,1),(332,1,10,'Sunquake','Comic_Market/C94/WAVES/Disc%201/10.%20Sunquake.mp3',32,1),(333,2,1,'Opal','Comic_Market/C94/WAVES/Disc%202/01.%20Opal.mp3',32,1),(334,2,2,'Thunder','Comic_Market/C94/WAVES/Disc%202/02.%20Thunder.mp3',32,1),(335,2,3,'Refined','Comic_Market/C94/WAVES/Disc%202/03.%20Refined.mp3',32,1),(336,2,4,'Eahid','Comic_Market/C94/WAVES/Disc%202/04.%20Eahid.mp3',32,1),(337,2,5,'Battery Exhausted','Comic_Market/C94/WAVES/Disc%202/05.%20Battery%20Exhausted.mp3',32,1),(338,2,6,'Parhelion','Comic_Market/C94/WAVES/Disc%202/06.%20Parhelion.mp3',32,1),(339,2,7,'The List Of Cubes','Comic_Market/C94/WAVES/Disc%202/07.%20The%20List%20Of%20Cubes.mp3',32,1),(340,2,8,'High Heels','Comic_Market/C94/WAVES/Disc%202/08.%20High%20Heels.mp3',32,1),(341,2,9,'Battle Alarm','Comic_Market/C94/WAVES/Disc%202/09.%20Battle%20Alarm.mp3',32,1);
/*!40000 ALTER TABLE `song` ENABLE KEYS */;
UNLOCK TABLES;

--
-- Table structure for table `song_artist`
--

DROP TABLE IF EXISTS `song_artist`;
/*!40101 SET @saved_cs_client     = @@character_set_client */;
 SET character_set_client = utf8mb4 ;
CREATE TABLE `song_artist` (
  `id_song_artist` int(11) NOT NULL AUTO_INCREMENT,
  `id_song` int(11) NOT NULL,
  `id_artist` int(11) NOT NULL,
  PRIMARY KEY (`id_song_artist`)
) ENGINE=InnoDB AUTO_INCREMENT=517 DEFAULT CHARSET=utf8 COLLATE=utf8_unicode_ci;
/*!40101 SET character_set_client = @saved_cs_client */;

--
-- Dumping data for table `song_artist`
--

LOCK TABLES `song_artist` WRITE;
/*!40000 ALTER TABLE `song_artist` DISABLE KEYS */;
INSERT INTO `song_artist` VALUES (1,1,1),(2,2,2),(3,3,3),(4,4,4),(5,5,5),(6,5,6),(7,6,7),(8,7,8),(9,8,9),(10,9,10),(11,10,11),(12,11,12),(13,12,13),(14,13,14),(15,13,15),(16,14,16),(17,15,17),(18,16,10),(19,17,18),(20,18,19),(21,19,20),(22,20,21),(23,21,22),(24,22,23),(25,23,24),(26,24,25),(27,25,26),(28,26,27),(29,27,28),(30,28,10),(31,29,9),(32,30,2),(33,31,4),(34,32,1),(35,33,5),(36,34,25),(37,35,29),(38,36,30),(39,37,31),(40,38,32),(41,39,33),(42,40,34),(43,41,33),(44,41,32),(45,42,35),(46,43,36),(47,44,37),(48,45,13),(49,45,38),(50,46,13),(51,46,38),(52,47,13),(53,48,13),(54,48,39),(55,49,40),(56,50,13),(57,51,13),(58,51,41),(59,52,13),(60,53,13),(61,54,42),(62,54,13),(63,55,13),(64,56,13),(65,56,43),(66,57,13),(67,57,38),(68,57,44),(69,58,13),(70,58,26),(71,59,45),(72,59,46),(73,60,45),(74,60,47),(75,61,45),(76,61,48),(77,62,45),(78,62,49),(79,63,45),(80,63,50),(81,63,51),(82,64,46),(83,65,47),(84,66,48),(85,67,49),(86,68,50),(87,69,52),(88,69,53),(89,70,52),(90,70,53),(91,71,52),(92,71,53),(93,72,52),(94,72,53),(95,73,52),(96,73,54),(97,73,53),(98,74,52),(99,74,53),(100,75,52),(101,75,53),(102,76,52),(103,76,55),(104,76,53),(105,77,52),(106,77,53),(107,78,52),(108,78,53),(109,79,44),(110,80,56),(111,80,57),(112,81,58),(113,81,59),(114,82,60),(115,82,59),(116,83,61),(117,84,56),(118,84,57),(119,85,58),(120,85,57),(121,86,18),(122,87,62),(123,87,26),(124,88,63),(125,89,14),(126,90,64),(127,91,65),(128,92,19),(129,93,66),(130,94,21),(131,95,68),(132,95,69),(133,96,68),(134,96,70),(135,97,68),(136,97,48),(137,98,68),(138,98,71),(139,98,48),(140,99,68),(141,99,71),(142,99,72),(143,100,68),(144,100,71),(145,100,73),(146,101,68),(147,101,71),(148,101,70),(149,102,68),(150,102,71),(151,102,74),(152,103,68),(153,103,71),(154,103,75),(155,104,68),(156,104,71),(157,104,76),(158,105,68),(159,105,71),(160,105,77),(161,106,68),(162,106,71),(163,106,48),(164,107,78),(165,108,79),(166,108,80),(167,108,78),(168,109,78),(169,109,81),(170,109,82),(171,110,78),(172,110,83),(173,110,79),(174,111,78),(175,111,84),(176,112,78),(177,112,85),(178,112,10),(179,113,78),(180,113,44),(181,113,79),(182,114,86),(183,114,78),(184,115,87),(185,115,78),(186,116,78),(187,116,86),(188,116,88),(189,117,87),(190,117,78),(191,117,14),(192,118,79),(193,118,80),(194,119,79),(195,120,79),(196,120,80),(197,121,79),(198,122,79),(199,123,79),(200,124,79),(201,125,79),(202,126,79),(203,127,79),(204,127,80),(205,128,89),(206,128,90),(207,129,91),(208,129,92),(209,130,78),(210,130,93),(211,131,79),(212,131,80),(213,132,84),(214,132,94),(215,132,95),(216,133,73),(217,133,83),(218,134,77),(219,134,15),(220,135,96),(221,135,97),(222,136,98),(223,136,93),(224,137,99),(225,137,100),(226,138,78),(227,138,44),(228,139,23),(229,139,101),(230,140,83),(231,141,82),(232,141,90),(233,142,102),(234,143,84),(235,144,63),(236,145,103),(237,146,104),(238,147,105),(239,148,63),(240,149,106),(241,149,107),(242,150,78),(243,151,108),(244,152,109),(245,153,110),(246,154,111),(247,154,112),(248,155,111),(249,156,111),(250,156,79),(251,157,111),(252,158,111),(253,158,113),(254,159,12),(255,159,111),(256,159,114),(257,160,27),(258,161,27),(259,162,27),(260,163,27),(261,164,27),(262,165,27),(263,166,27),(264,167,27),(265,168,27),(266,169,27),(267,169,115),(268,170,27),(269,171,27),(270,171,18),(271,172,27),(272,172,116),(273,173,16),(274,174,16),(275,174,117),(276,175,16),(277,175,117),(278,176,16),(279,176,117),(280,177,16),(281,177,117),(282,178,16),(283,178,117),(284,179,16),(285,179,117),(286,180,16),(287,180,117),(288,181,16),(289,181,117),(290,182,16),(291,182,117),(292,183,12),(293,183,118),(294,183,73),(295,184,119),(296,184,73),(297,185,73),(298,186,120),(299,186,73),(300,187,73),(301,188,121),(302,188,73),(303,189,73),(304,190,119),(305,190,22),(306,190,73),(307,191,73),(308,192,122),(309,192,73),(310,193,73),(311,194,123),(312,194,73),(313,195,73),(314,195,68),(315,196,12),(316,196,118),(317,196,73),(318,197,119),(319,197,73),(320,198,73),(321,199,124),(322,200,125),(323,201,124),(324,202,84),(325,203,126),(326,204,127),(327,205,84),(328,206,128),(329,207,124),(330,208,78),(331,209,14),(332,210,18),(333,211,129),(334,212,21),(335,213,79),(336,214,130),(337,215,108),(338,216,73),(339,217,131),(340,218,132),(341,219,132),(342,220,132),(343,221,132),(344,222,132),(345,223,133),(346,224,132),(347,225,133),(348,226,134),(349,226,135),(350,226,21),(351,227,134),(352,227,15),(353,227,136),(354,228,134),(355,228,137),(356,229,134),(357,229,138),(358,230,134),(359,230,135),(360,230,14),(361,231,134),(362,231,139),(363,231,140),(364,232,134),(365,232,135),(366,232,126),(367,233,134),(368,233,139),(369,233,141),(370,234,134),(371,234,142),(372,235,134),(373,235,135),(374,235,139),(375,235,143),(376,235,144),(377,236,134),(378,237,145),(379,238,145),(380,239,145),(381,240,145),(382,241,145),(383,242,145),(384,243,145),(385,244,145),(386,245,145),(387,246,145),(388,247,20),(389,248,20),(390,249,20),(391,250,20),(392,251,20),(393,252,20),(394,253,20),(395,254,20),(396,255,20),(397,256,20),(398,257,20),(399,258,20),(400,258,13),(401,259,20),(402,259,17),(403,260,20),(404,260,78),(405,261,20),(406,261,14),(407,262,20),(408,262,23),(409,263,20),(410,263,21),(411,264,20),(412,264,16),(413,264,19),(414,265,20),(415,265,73),(416,266,20),(417,266,27),(418,267,20),(419,267,26),(420,268,146),(421,268,138),(422,269,147),(423,269,148),(424,269,78),(425,270,149),(426,270,92),(427,270,150),(428,271,146),(429,271,151),(430,271,152),(431,272,153),(432,272,154),(433,272,155),(434,273,156),(435,273,157),(436,273,158),(437,274,159),(438,274,160),(439,274,161),(440,275,162),(441,275,163),(442,275,124),(443,276,164),(444,276,163),(445,276,165),(446,277,149),(447,277,92),(448,277,23),(449,278,146),(450,278,166),(451,278,167),(452,279,168),(453,280,169),(454,281,170),(455,282,171),(456,283,162),(457,284,3),(458,285,172),(459,286,162),(460,286,173),(461,287,79),(462,288,174),(463,289,175),(464,290,176),(465,291,2),(466,292,108),(467,293,176),(468,294,177),(469,295,79),(470,296,176),(471,297,178),(472,298,120),(473,299,176),(474,300,88),(475,301,21),(476,302,107),(477,303,39),(478,304,4),(479,305,121),(480,306,176),(481,307,165),(482,308,179),(483,309,134),(484,310,23),(485,311,180),(486,312,180),(487,313,180),(488,314,180),(489,315,180),(490,316,180),(491,317,180),(492,318,180),(493,319,180),(494,320,180),(495,321,180),(496,322,180),(497,323,138),(498,324,182),(499,325,152),(500,326,107),(501,327,39),(502,328,183),(503,329,184),(504,330,185),(505,331,186),(506,332,165),(507,333,84),(508,334,10),(509,335,187),(510,336,2),(511,337,131),(512,338,188),(513,338,173),(514,339,189),(515,340,190),(516,341,108);
/*!40000 ALTER TABLE `song_artist` ENABLE KEYS */;
UNLOCK TABLES;
/*!40103 SET TIME_ZONE=@OLD_TIME_ZONE */;

/*!40101 SET SQL_MODE=@OLD_SQL_MODE */;
/*!40014 SET FOREIGN_KEY_CHECKS=@OLD_FOREIGN_KEY_CHECKS */;
/*!40014 SET UNIQUE_CHECKS=@OLD_UNIQUE_CHECKS */;
/*!40101 SET CHARACTER_SET_CLIENT=@OLD_CHARACTER_SET_CLIENT */;
/*!40101 SET CHARACTER_SET_RESULTS=@OLD_CHARACTER_SET_RESULTS */;
/*!40101 SET COLLATION_CONNECTION=@OLD_COLLATION_CONNECTION */;
/*!40111 SET SQL_NOTES=@OLD_SQL_NOTES */;

-- Dump completed on 2018-08-23 14:16:27
